unique_id,date,time,trialCount,target,chosen,right,same,diff,startTime,endTime
svbhq,3/11/19,18:10,1,grid24_6_5.jpeg,img2,Img2,grid24_6_6.jpeg,grid25_6_6.jpeg,0.452847222,0
svbhq,3/11/19,18:10,2,grid16_6_3.jpeg,img2,Img1,grid16_6_5.jpeg,grid34_6_5.jpeg,0.461226852,0.461226852
svbhq,3/11/19,18:10,3,grid29_6_2.jpeg,img1,Img2,grid29_6_6.jpeg,grid28_6_6.jpeg,0.459421296,0.45943287
svbhq,3/11/19,18:10,4,grid35_6_3.jpeg,img1,Img1,grid35_6_6.jpeg,grid3_6_6.jpeg,0.467175926,0.467175926
svbhq,3/11/19,18:10,5,grid26_6_1.jpeg,img2,Img2,grid26_6_2.jpeg,grid8_6_2.jpeg,0.466666667,0.466678241
svbhq,3/11/19,18:10,6,grid37_6_3.jpeg,img1,Img1,grid37_6_6.jpeg,grid30_6_6.jpeg,0.471782407,0.471782407
svbhq,3/11/19,18:10,7,grid2_6_6.jpeg,img1,Img1,grid2_6_1.jpeg,grid40_6_1.jpeg,0.477291667,0.477303241
svbhq,3/11/19,18:10,8,grid27_6_2.jpeg,img2,Img2,grid27_6_1.jpeg,grid8_6_1.jpeg,0.478587963,0.478587963
svbhq,3/11/19,18:10,9,grid33_6_2.jpeg,img1,Img1,grid33_6_5.jpeg,grid40_6_5.jpeg,0.483043981,0.483043981
mlwwps,3/11/19,15:11,1,grid5_6_5.jpeg,img1,Img1,grid5_6_3.jpeg,grid16_6_3.jpeg,0.489421296,0
svbhq,3/11/19,18:10,10,grid9_6_4.jpeg,img1,Img1,grid33_6_5.jpeg,grid40_6_5.jpeg,0.486134259,0.486134259
svbhq,3/11/19,18:10,11,grid39_6_2.jpeg,img2,Img1,grid39_6_4.jpeg,grid14_6_4.jpeg,0.483668981,0.483668981
mlwwps,3/11/19,15:11,2,grid4_6_6.jpeg,img1,Img1,grid4_6_4.jpeg,grid15_6_4.jpeg,0.489675926,0.489675926
svbhq,3/11/19,18:10,12,grid24_6_4.jpeg,img2,Img2,grid24_6_5.jpeg,grid11_6_5.jpeg,0.487280093,0.487280093
mlwwps,3/11/19,15:11,3,grid23_6_3.jpeg,img2,Img2,grid23_6_5.jpeg,grid18_6_5.jpeg,11:42:052,11:42:052
svbhq,3/11/19,18:10,13,grid15_6_3.jpeg,img2,Img2,grid15_6_4.jpeg,grid5_6_4.jpeg,0.496770833,0.496782407
mlwwps,3/11/19,15:11,4,grid5_6_4.jpeg,img1,Img1,grid5_6_5.jpeg,grid41_6_5.jpeg,11:46:051,11:46:052
svbhq,3/11/19,18:10,14,grid20_6_1.jpeg,img1,Img1,grid20_6_3.jpeg,grid2_6_3.jpeg,0.491539352,0.491550926
mlwwps,3/11/19,15:11,5,grid31_6_5.jpeg,img2,Img2,grid31_6_4.jpeg,grid8_6_4.jpeg,0.495763889,0.495775463
yevrlg,3/11/19,18:11,1,grid30_6_1.jpeg,img1,Img1,grid30_6_5.jpeg,grid8_6_5.jpeg,0.501550926,0
svbhq,3/11/19,18:10,15,grid38_6_5.jpeg,img1,Img1,grid38_6_4.jpeg,grid32_6_4.jpeg,0.495439815,0.495439815
mlwwps,3/11/19,15:11,6,grid25_6_3.jpeg,img2,Img1,grid25_6_4.jpeg,grid41_6_4.jpeg,0.504953704,0.504953704
yevrlg,3/11/19,18:11,2,grid28_6_5.jpeg,img1,Img1,grid28_6_6.jpeg,grid19_6_6.jpeg,0.505324074,0.505347222
svbhq,3/11/19,18:10,16,grid19_6_3.jpeg,img1,Img1,grid19_6_4.jpeg,grid25_6_4.jpeg,0.498263889,0.498263889
mlwwps,3/11/19,15:11,7,grid38_6_5.jpeg,img1,Img2,grid38_6_6.jpeg,grid37_6_6.jpeg,11:59:028,11:59:028
yevrlg,3/11/19,18:11,3,grid20_6_4.jpeg,img2,Img2,grid20_6_3.jpeg,grid5_6_3.jpeg,0.500115741,0.500138889
svbhq,3/11/19,18:10,17,grid15_6_5.jpeg,img2,Img2,grid15_6_6.jpeg,grid25_6_6.jpeg,0.500555556,0.500555556
mlwwps,3/11/19,15:11,8,grid32_6_3.jpeg,img2,Img2,grid32_6_1.jpeg,grid11_6_1.jpeg,12:03:036,12:03:036
yevrlg,3/11/19,18:11,4,grid2_6_3.jpeg,img1,Img1,grid2_6_5.jpeg,grid10_6_5.jpeg,0.503877315,0.503888889
svbhq,3/11/19,18:10,18,grid37_6_4.jpeg,img2,Img2,grid37_6_5.jpeg,grid18_6_5.jpeg,0.506956019,0.506967593
mlwwps,3/11/19,15:11,9,grid22_6_2.jpeg,img1,Img1,grid22_6_3.jpeg,grid29_6_3.jpeg,12:07:046,12:07:046
yevrlg,3/11/19,18:11,5,grid12_6_1.jpeg,img2,Img1,grid12_6_2.jpeg,grid35_6_2.jpeg,0.515324074,0.515335648
mlwwps,3/11/19,15:11,10,grid35_6_6.jpeg,img1,Img1,grid22_6_3.jpeg,grid29_6_3.jpeg,0.516631944,0.516631944
svbhq,3/11/19,18:10,19,grid19_6_2.jpeg,img2,Img2,grid19_6_5.jpeg,grid8_6_5.jpeg,0.506712963,0.506712963
svbhq,3/11/19,18:10,20,grid11_6_6.jpeg,img1,Img2,grid19_6_5.jpeg,grid8_6_5.jpeg,0.508865741,0.508865741
mlwwps,3/11/19,15:11,11,grid28_6_1.jpeg,img2,Img2,grid28_6_5.jpeg,grid41_6_5.jpeg,12:16:087,12:16:087
yevrlg,3/11/19,18:11,6,grid4_6_2.jpeg,img1,Img2,grid4_6_3.jpeg,grid9_6_3.jpeg,12:12:043,12:12:044
mlwwps,3/11/19,15:11,12,grid14_6_3.jpeg,img2,Img2,grid14_6_1.jpeg,grid25_6_1.jpeg,0.517037037,0.517048611
svbhq,3/11/19,18:10,21,grid32_6_2.jpeg,img2,Img2,grid32_6_4.jpeg,grid36_6_4.jpeg,0.512407407,0.512407407
yevrlg,3/11/19,18:11,7,grid23_6_5.jpeg,img2,Img1,grid23_6_1.jpeg,grid15_6_1.jpeg,0.520960648,0.520972222
svbhq,3/11/19,18:10,22,grid37_6_2.jpeg,img2,Img1,grid37_6_3.jpeg,grid2_6_3.jpeg,0.517280093,0.517280093
mlwwps,3/11/19,15:11,13,grid30_6_6.jpeg,img2,Img1,grid30_6_5.jpeg,grid37_6_5.jpeg,0.519837963,0.519837963
mlwwps,3/11/19,15:11,14,grid26_6_2.jpeg,img2,Img1,grid26_6_4.jpeg,grid34_6_4.jpeg,0.529953704,0.529953704
svbhq,3/11/19,18:10,23,grid12_6_4.jpeg,img1,Img1,grid12_6_1.jpeg,grid4_6_1.jpeg,0.521921296,0.521921296
yevrlg,3/11/19,18:11,8,grid34_6_2.jpeg,img1,Img1,grid34_6_1.jpeg,grid10_6_1.jpeg,0.525775463,0.525787037
mlwwps,3/11/19,15:11,15,grid30_6_1.jpeg,img2,Img2,grid30_6_5.jpeg,grid35_6_5.jpeg,0.531724537,0.531724537
svbhq,3/11/19,18:10,24,grid30_6_6.jpeg,img2,Img1,grid30_6_5.jpeg,grid18_6_5.jpeg,0.52400463,0.524016204
yevrlg,3/11/19,18:11,9,grid41_6_5.jpeg,img1,Img1,grid41_6_1.jpeg,grid20_6_1.jpeg,0.526712963,0.526712963
mlwwps,3/11/19,15:11,16,grid26_6_3.jpeg,img1,Img1,grid26_6_2.jpeg,grid30_6_2.jpeg,0.528449074,0.528449074
svbhq,3/11/19,18:10,25,grid5_6_2.jpeg,img2,Img1,grid5_6_3.jpeg,grid12_6_3.jpeg,0.526967593,0.526967593
yevrlg,3/11/19,18:11,10,grid17_6_5.jpeg,img1,Img1,grid41_6_1.jpeg,grid20_6_1.jpeg,0.533090278,0.533101852
mlwwps,3/11/19,15:11,17,grid17_6_2.jpeg,img2,Img2,grid17_6_3.jpeg,grid3_6_3.jpeg,0.535115741,0.535115741
svbhq,3/11/19,18:10,26,grid28_6_2.jpeg,img1,Img2,grid28_6_6.jpeg,grid4_6_6.jpeg,0.533657407,0.533657407
yevrlg,3/11/19,18:11,11,grid8_6_6.jpeg,img1,Img1,grid8_6_4.jpeg,grid27_6_4.jpeg,0.535787037,0.535798611
mlwwps,3/11/19,15:11,18,grid11_6_2.jpeg,img1,Img2,grid11_6_6.jpeg,grid25_6_6.jpeg,0.539675926,0.539675926
glgeo,3/11/19,18:12,1,grid41_6_1.jpeg,img1,Img2,grid41_6_4.jpeg,grid38_6_4.jpeg,0.530462963,0
svbhq,3/11/19,18:10,27,grid6_6_2.jpeg,img1,Img1,grid6_6_3.jpeg,grid2_6_3.jpeg,0.532152778,0.532152778
yevrlg,3/11/19,18:11,12,grid31_6_4.jpeg,img2,Img2,grid31_6_2.jpeg,grid26_6_2.jpeg,0.540601852,0.540601852
mlwwps,3/11/19,15:11,19,grid16_6_2.jpeg,img2,Img2,grid16_6_6.jpeg,grid8_6_6.jpeg,0.536203704,0.536215278
yevrlg,3/11/19,18:11,13,grid8_6_2.jpeg,img1,Img2,grid8_6_4.jpeg,grid2_6_4.jpeg,12:49:060,12:49:061
svbhq,3/11/19,18:10,28,grid36_6_2.jpeg,img1,Img2,grid36_6_3.jpeg,grid31_6_3.jpeg,0.538206019,0.538217593
glgeo,3/11/19,18:12,2,grid5_6_1.jpeg,img1,Img1,grid5_6_2.jpeg,grid41_6_2.jpeg,0.540532407,0.540543981
mlwwps,3/11/19,15:11,20,grid39_6_6.jpeg,img1,Img2,grid16_6_6.jpeg,grid8_6_6.jpeg,0.547268519,0.547280093
yevrlg,3/11/19,18:11,14,grid27_6_3.jpeg,img2,Img1,grid27_6_4.jpeg,grid14_6_4.jpeg,12:53:099,0.537974537
svbhq,3/11/19,18:10,29,grid11_6_1.jpeg,img1,Img1,grid11_6_4.jpeg,grid10_6_4.jpeg,12:52:056,12:52:056
glgeo,3/11/19,18:12,3,grid30_6_1.jpeg,img1,Img1,grid30_6_5.jpeg,grid39_6_5.jpeg,0.544652778,0.544664352
mlwwps,3/11/19,15:11,21,grid23_6_1.jpeg,img2,Img1,grid23_6_6.jpeg,grid25_6_6.jpeg,0.551597222,0.551597222
svbhq,3/11/19,18:10,30,grid27_6_1.jpeg,img1,Img1,grid11_6_4.jpeg,grid10_6_4.jpeg,0.541296296,0.541296296
yevrlg,3/11/19,18:11,15,grid3_6_1.jpeg,img2,Img1,grid3_6_3.jpeg,grid35_6_3.jpeg,0.5453125,0.545324074
glgeo,3/11/19,18:12,4,grid17_6_1.jpeg,img2,Img2,grid17_6_3.jpeg,grid2_6_3.jpeg,0.545,0.545023148
mlwwps,3/11/19,15:11,22,grid39_6_2.jpeg,img2,Img1,grid39_6_4.jpeg,grid38_6_4.jpeg,0.553310185,0.553310185
svbhq,3/11/19,18:10,31,grid3_6_4.jpeg,img2,Img2,grid3_6_3.jpeg,grid21_6_3.jpeg,0.54412037,0.544131944
yevrlg,3/11/19,18:11,16,grid23_6_1.jpeg,img2,Img1,grid23_6_2.jpeg,grid5_6_2.jpeg,0.549525463,0.549525463
glgeo,3/11/19,18:12,5,grid9_6_2.jpeg,img1,Img2,grid9_6_5.jpeg,grid20_6_5.jpeg,0.548078704,0.548101852
svbhq,3/11/19,18:10,32,grid11_6_2.jpeg,img2,Img1,grid11_6_5.jpeg,grid10_6_5.jpeg,0.548298611,0.548298611
mlwwps,3/11/19,15:11,23,grid18_6_1.jpeg,img1,Img1,grid18_6_2.jpeg,grid4_6_2.jpeg,0.548611111,0.548611111
yevrlg,3/11/19,18:11,17,grid7_6_4.jpeg,img1,Img2,grid7_6_5.jpeg,grid3_6_5.jpeg,0.552488426,0.5525
glgeo,3/11/19,18:12,6,grid39_6_4.jpeg,img1,Img1,grid39_6_6.jpeg,grid16_6_6.jpeg,13:08:076,13:08:078
svbhq,3/11/19,18:10,33,grid25_6_5.jpeg,img2,Img2,grid25_6_3.jpeg,grid26_6_3.jpeg,0.553703704,0.553703704
mlwwps,3/11/19,15:11,24,grid7_6_1.jpeg,img2,Img2,grid7_6_2.jpeg,grid12_6_2.jpeg,0.55775463,0.55775463
glgeo,3/11/19,18:12,7,grid25_6_3.jpeg,img1,Img2,grid25_6_1.jpeg,grid33_6_1.jpeg,13:12:007,13:12:008
svbhq,3/11/19,18:10,34,grid30_6_1.jpeg,img1,Img2,grid30_6_2.jpeg,grid3_6_2.jpeg,0.556006944,0.556006944
mlwwps,3/11/19,15:11,25,grid10_6_1.jpeg,img1,Img2,grid10_6_2.jpeg,grid8_6_2.jpeg,0.561643519,0.561643519
glgeo,3/11/19,18:12,8,grid20_6_6.jpeg,img1,Img1,grid20_6_4.jpeg,grid3_6_4.jpeg,13:16:041,13:16:043
svbhq,3/11/19,18:10,35,grid17_6_4.jpeg,img1,Img2,grid30_6_2.jpeg,grid3_6_2.jpeg,0.562395833,0.562407407
yevrlg,3/11/19,18:11,18,grid19_6_2.jpeg,img1,Img1,grid19_6_6.jpeg,grid29_6_6.jpeg,0.5553125,0.555324074
mlwwps,3/11/19,15:11,26,grid30_6_3.jpeg,img2,Img1,grid30_6_4.jpeg,grid28_6_4.jpeg,0.566111111,0.566111111
glgeo,3/11/19,18:12,9,grid37_6_2.jpeg,img1,Img2,grid37_6_5.jpeg,grid15_6_5.jpeg,0.561655093,0.561666667
svbhq,3/11/19,18:10,36,grid40_6_6.jpeg,img1,Img2,grid40_6_5.jpeg,grid22_6_5.jpeg,0.563981481,0.563981481
mlwwps,3/11/19,15:11,27,grid31_6_1.jpeg,img2,Img2,grid31_6_5.jpeg,grid33_6_5.jpeg,13:27:006,13:27:006
glgeo,3/11/19,18:12,10,grid4_6_5.jpeg,img1,Img2,grid37_6_5.jpeg,grid15_6_5.jpeg,0.565787037,0.565810185
svbhq,3/11/19,18:10,37,grid31_6_5.jpeg,img2,Img2,grid31_6_3.jpeg,grid41_6_3.jpeg,0.567083333,0.567083333
mlwwps,3/11/19,15:11,28,grid4_6_3.jpeg,img1,Img1,grid4_6_1.jpeg,grid12_6_1.jpeg,0.568275463,0.568275463
yevrlg,3/11/19,18:11,19,grid9_6_5.jpeg,img1,Img1,grid9_6_3.jpeg,grid23_6_3.jpeg,13:23:015,13:23:016
glgeo,3/11/19,18:12,11,grid14_6_3.jpeg,img2,Img1,grid14_6_5.jpeg,grid20_6_5.jpeg,0.566342593,0.566354167
svbhq,3/11/19,18:10,38,grid29_6_1.jpeg,img1,Img1,grid29_6_6.jpeg,grid24_6_6.jpeg,0.567083333,0.567083333
mlwwps,3/11/19,15:11,29,grid10_6_3.jpeg,img2,Img1,grid10_6_1.jpeg,grid20_6_1.jpeg,0.569513889,0.569525463
yevrlg,3/11/19,18:11,20,grid41_6_3.jpeg,img1,Img1,grid9_6_3.jpeg,grid23_6_3.jpeg,0.573368056,0.57337963
glgeo,3/11/19,18:12,12,grid7_6_4.jpeg,img1,Img1,grid7_6_5.jpeg,grid15_6_5.jpeg,0.573194444,0.573206019
svbhq,3/11/19,18:10,39,grid9_6_5.jpeg,img2,Img1,grid9_6_6.jpeg,grid28_6_6.jpeg,13:34:079,13:34:080
mlwwps,3/11/19,15:11,30,grid35_6_3.jpeg,img1,Img1,grid10_6_1.jpeg,grid20_6_1.jpeg,0.572013889,0.572013889
glgeo,3/11/19,18:12,13,grid16_6_4.jpeg,img1,Img2,grid16_6_5.jpeg,grid32_6_5.jpeg,0.575046296,0.575069444
yevrlg,3/11/19,18:11,21,grid11_6_4.jpeg,img1,Img1,grid11_6_5.jpeg,grid29_6_5.jpeg,0.572997685,0.573009259
svbhq,3/11/19,18:10,40,grid16_6_4.jpeg,img2,Img2,grid16_6_3.jpeg,grid22_6_3.jpeg,0.575474537,0.575486111
mlwwps,3/11/19,15:11,31,grid20_6_5.jpeg,img2,Img1,grid20_6_4.jpeg,grid21_6_4.jpeg,0.576319444,0.576319444
glgeo,3/11/19,18:12,14,grid15_6_1.jpeg,img1,Img2,grid15_6_3.jpeg,grid41_6_3.jpeg,0.573761574,0.573784722
yevrlg,3/11/19,18:11,22,grid11_6_6.jpeg,img1,Img2,grid11_6_1.jpeg,grid15_6_1.jpeg,0.576469907,0.576481481
mlwwps,3/11/19,15:11,32,grid5_6_3.jpeg,img2,Img2,grid5_6_2.jpeg,grid4_6_2.jpeg,0.578483796,0.57849537
glgeo,3/11/19,18:12,15,grid23_6_1.jpeg,img1,Img2,grid23_6_4.jpeg,grid37_6_4.jpeg,0.579756944,0.579780093
mlwwps,3/11/19,15:11,33,grid16_6_6.jpeg,img2,Img2,grid16_6_5.jpeg,grid17_6_5.jpeg,13:53:003,13:53:003
yevrlg,3/11/19,18:11,23,grid13_6_3.jpeg,img1,Img2,grid13_6_1.jpeg,grid31_6_1.jpeg,0.582581019,0.582592593
glgeo,3/11/19,18:12,16,grid32_6_5.jpeg,img2,Img1,grid32_6_6.jpeg,grid16_6_6.jpeg,0.581631944,0.581678241
mlwwps,3/11/19,15:11,34,grid3_6_2.jpeg,img1,Img2,grid3_6_1.jpeg,grid4_6_1.jpeg,13:57:048,13:57:048
glgeo,3/11/19,18:12,17,grid4_6_2.jpeg,img1,Img1,grid4_6_4.jpeg,grid17_6_4.jpeg,0.591087963,0.591111111
mlwwps,3/11/19,15:11,35,grid29_6_5.jpeg,img1,Img2,grid3_6_1.jpeg,grid4_6_1.jpeg,0.594212963,0.594212963
yevrlg,3/11/19,18:11,24,grid19_6_5.jpeg,img1,Img1,grid19_6_6.jpeg,grid16_6_6.jpeg,0.580729167,0.580729167
glgeo,3/11/19,18:12,18,grid41_6_4.jpeg,img1,Img2,grid41_6_5.jpeg,grid40_6_5.jpeg,0.588298611,0.588310185
mlwwps,3/11/19,15:11,36,grid38_6_1.jpeg,img2,Img1,grid38_6_2.jpeg,grid30_6_2.jpeg,14:05:098,14:05:098
yevrlg,3/11/19,18:11,25,grid2_6_4.jpeg,img1,Img2,grid2_6_5.jpeg,grid14_6_5.jpeg,0.59375,0.593761574
glgeo,3/11/19,18:12,19,grid19_6_2.jpeg,img1,Img2,grid19_6_3.jpeg,grid20_6_3.jpeg,0.588842593,0.588854167
mlwwps,3/11/19,15:11,37,grid3_6_5.jpeg,img1,Img2,grid3_6_2.jpeg,grid9_6_2.jpeg,14:09:063,14:09:064
glgeo,3/11/19,18:12,20,grid3_6_3.jpeg,img1,Img2,grid19_6_3.jpeg,grid20_6_3.jpeg,0.599571759,0.599583333
yevrlg,3/11/19,18:11,26,grid28_6_6.jpeg,img1,Img1,grid28_6_3.jpeg,grid18_6_3.jpeg,0.592777778,0.592789352
mlwwps,3/11/19,15:11,38,grid32_6_5.jpeg,img2,Img1,grid32_6_3.jpeg,grid36_6_3.jpeg,0.598333333,0.598333333
glgeo,3/11/19,18:12,21,grid32_6_6.jpeg,img2,Img2,grid32_6_3.jpeg,grid26_6_3.jpeg,0.598020833,0.598043981
mlwwps,3/11/19,15:11,39,grid17_6_1.jpeg,img1,Img2,grid17_6_2.jpeg,grid28_6_2.jpeg,0.598101852,0.598101852
glgeo,3/11/19,18:12,22,grid23_6_3.jpeg,img2,Img2,grid23_6_4.jpeg,grid20_6_4.jpeg,0.600046296,0.60005787
yevrlg,3/11/19,18:11,27,grid30_6_2.jpeg,img2,Img2,grid30_6_5.jpeg,grid16_6_5.jpeg,0.60037037,0.600381944
mlwwps,3/11/19,15:11,40,grid6_6_2.jpeg,img2,Img1,grid6_6_3.jpeg,grid13_6_3.jpeg,0.604537037,0.604537037
glgeo,3/11/19,18:12,23,grid27_6_5.jpeg,img1,Img2,grid27_6_3.jpeg,grid5_6_3.jpeg,0.598599537,0.598611111
glgeo,3/11/19,18:12,24,grid19_6_4.jpeg,img1,Img2,grid19_6_5.jpeg,grid18_6_5.jpeg,0.606840278,0.606851852
yevrlg,3/11/19,18:11,28,grid39_6_4.jpeg,img1,Img1,grid39_6_3.jpeg,grid5_6_3.jpeg,0.602719907,0.602731481
glgeo,3/11/19,18:12,25,grid15_6_2.jpeg,img1,Img1,grid15_6_3.jpeg,grid9_6_3.jpeg,0.606168981,0.606180556
yevrlg,3/11/19,18:11,29,grid16_6_3.jpeg,img1,Img1,grid16_6_4.jpeg,grid28_6_4.jpeg,0.607083333,0.607094907
glgeo,3/11/19,18:12,26,grid14_6_6.jpeg,img1,Img2,grid14_6_2.jpeg,grid28_6_2.jpeg,14:31:070,14:31:071
yevrlg,3/11/19,18:11,30,grid5_6_2.jpeg,img1,Img1,grid16_6_4.jpeg,grid28_6_4.jpeg,0.615405093,0.615416667
glgeo,3/11/19,18:12,27,grid2_6_3.jpeg,img2,Img2,grid2_6_4.jpeg,grid9_6_4.jpeg,0.615520833,0.615532407
yevrlg,3/11/19,18:11,31,grid17_6_3.jpeg,img2,Img1,grid17_6_6.jpeg,grid7_6_6.jpeg,0.611666667,0.611666667
glgeo,3/11/19,18:12,28,grid27_6_3.jpeg,img2,Img1,grid27_6_1.jpeg,grid19_6_1.jpeg,0.617384259,0.617395833
glgeo,3/11/19,18:12,29,grid6_6_3.jpeg,img2,Img2,grid6_6_2.jpeg,grid40_6_2.jpeg,0.622569444,0.622581019
yevrlg,3/11/19,18:11,32,grid28_6_3.jpeg,img2,Img1,grid28_6_4.jpeg,grid8_6_4.jpeg,0.618738426,0.61875
glgeo,3/11/19,18:12,30,grid24_6_1.jpeg,img2,Img2,grid6_6_2.jpeg,grid40_6_2.jpeg,0.623125,0.623136574
yevrlg,3/11/19,18:11,33,grid22_6_2.jpeg,img1,Img1,grid22_6_3.jpeg,grid10_6_3.jpeg,0.624664352,0.624675926
glgeo,3/11/19,18:12,31,grid10_6_5.jpeg,img1,Img2,grid10_6_1.jpeg,grid13_6_1.jpeg,0.624363426,0.624375
glgeo,3/11/19,18:12,32,grid33_6_4.jpeg,img2,Img2,grid33_6_3.jpeg,grid36_6_3.jpeg,0.622905093,0.622928241
yevrlg,3/11/19,18:11,34,grid2_6_1.jpeg,img1,Img2,grid2_6_6.jpeg,grid24_6_6.jpeg,0.625601852,0.625613426
glgeo,3/11/19,18:12,33,grid8_6_2.jpeg,img2,Img1,grid8_6_4.jpeg,grid34_6_4.jpeg,0.630393519,0.630416667
obxeqsi,3/11/19,18:14,1,grid28_6_5.jpeg,img2,Img1,grid28_6_3.jpeg,grid5_6_3.jpeg,0.629386574,0
yevrlg,3/11/19,18:11,35,grid25_6_1.jpeg,img1,Img2,grid2_6_6.jpeg,grid24_6_6.jpeg,15:02:031,15:02:032
glgeo,3/11/19,18:12,34,grid6_6_2.jpeg,img2,Img2,grid6_6_6.jpeg,grid25_6_6.jpeg,0.633993056,0.634016204
yevrlg,3/11/19,18:11,36,grid14_6_4.jpeg,img1,Img2,grid14_6_1.jpeg,grid32_6_1.jpeg,0.637824074,0.637824074
obxeqsi,3/11/19,18:14,2,grid8_6_1.jpeg,img1,Img1,grid8_6_4.jpeg,grid18_6_4.jpeg,0.633148148,0.633159722
glgeo,3/11/19,18:12,35,grid38_6_5.jpeg,img1,Img2,grid6_6_6.jpeg,grid25_6_6.jpeg,0.635081019,0.635092593
glgeo,3/11/19,18:12,36,grid4_6_6.jpeg,img1,Img1,grid4_6_2.jpeg,grid12_6_2.jpeg,0.642372685,0.642384259
obxeqsi,3/11/19,18:14,3,grid12_6_6.jpeg,img2,Img1,grid12_6_3.jpeg,grid7_6_3.jpeg,0.631087963,0.631099537
glgeo,3/11/19,18:12,37,grid34_6_1.jpeg,img1,Img1,grid34_6_2.jpeg,grid33_6_2.jpeg,0.643090278,0.643113426
glgeo,3/11/19,18:12,38,grid15_6_6.jpeg,img2,Img1,grid15_6_2.jpeg,grid30_6_2.jpeg,0.646631944,0.646643519
obxeqsi,3/11/19,18:14,4,grid41_6_3.jpeg,img2,Img2,grid41_6_4.jpeg,grid27_6_4.jpeg,0.644780093,0.644780093
hmis,3/11/19,15:15,1,grid39_6_6.jpeg,img1,Img1,grid39_6_4.jpeg,grid11_6_4.jpeg,0.643900463,0
glgeo,3/11/19,18:12,39,grid31_6_1.jpeg,img1,Img1,grid31_6_6.jpeg,grid32_6_6.jpeg,15:23:035,15:23:036
obxeqsi,3/11/19,18:14,5,grid33_6_4.jpeg,img1,Img1,grid33_6_2.jpeg,grid18_6_2.jpeg,0.643368056,0.64337963
glgeo,3/11/19,18:12,40,grid32_6_1.jpeg,img1,Img1,grid32_6_2.jpeg,grid3_6_2.jpeg,0.647175926,0.6471875
hmis,3/11/19,15:15,2,grid25_6_5.jpeg,img1,Img2,grid25_6_6.jpeg,grid20_6_6.jpeg,0.655335648,0.655347222
obxeqsi,3/11/19,18:14,6,grid9_6_4.jpeg,img1,Img1,grid9_6_2.jpeg,grid8_6_2.jpeg,0.648622685,0.648634259
yevrlg,3/11/19,18:11,37,grid28_6_2.jpeg,img1,Img2,grid28_6_6.jpeg,grid16_6_6.jpeg,15:11:032,15:11:032
hmis,3/11/19,15:15,3,grid2_6_4.jpeg,img2,Img1,grid2_6_1.jpeg,grid33_6_1.jpeg,15:35:018,15:35:019
yevrlg,3/11/19,18:11,38,grid18_6_5.jpeg,img1,Img2,grid18_6_6.jpeg,grid12_6_6.jpeg,0.656666667,0.656666667
obxeqsi,3/11/19,18:14,7,grid5_6_4.jpeg,img2,Img2,grid5_6_5.jpeg,grid38_6_5.jpeg,0.652106481,0.652106481
hzwgrn,3/11/19,17:15,1,grid10_6_2.jpeg,img2,Img2,grid10_6_3.jpeg,grid40_6_3.jpeg,15:39:032,0
hmis,3/11/19,15:15,4,grid10_6_1.jpeg,img1,Img2,grid10_6_4.jpeg,grid7_6_4.jpeg,0.657233796,0.657256944
yevrlg,3/11/19,18:11,39,grid19_6_3.jpeg,img1,Img2,grid19_6_4.jpeg,grid10_6_4.jpeg,0.658564815,0.658564815
obxeqsi,3/11/19,18:14,8,grid33_6_1.jpeg,img2,Img1,grid33_6_2.jpeg,grid19_6_2.jpeg,0.661168981,0.661180556
hmis,3/11/19,15:15,5,grid10_6_3.jpeg,img1,Img2,grid10_6_4.jpeg,grid23_6_4.jpeg,0.665532407,0.665543981
hzwgrn,3/11/19,17:15,2,grid19_6_4.jpeg,img2,Img2,grid19_6_1.jpeg,grid24_6_1.jpeg,0.663726852,0.663842593
yevrlg,3/11/19,18:11,40,grid33_6_4.jpeg,img1,Img2,grid33_6_2.jpeg,grid41_6_2.jpeg,0.666481481,0.666493056
obxeqsi,3/11/19,18:14,9,grid20_6_3.jpeg,img1,Img1,grid20_6_4.jpeg,grid3_6_4.jpeg,0.663553241,0.663564815
hmis,3/11/19,15:15,6,grid26_6_6.jpeg,img2,Img2,grid26_6_5.jpeg,grid17_6_5.jpeg,0.666030093,0.666041667
hzwgrn,3/11/19,17:15,3,grid34_6_2.jpeg,img1,Img1,grid34_6_1.jpeg,grid35_6_1.jpeg,0.671273148,0.671365741
obxeqsi,3/11/19,18:14,10,grid26_6_4.jpeg,img1,Img1,grid20_6_4.jpeg,grid3_6_4.jpeg,0.662858796,0.662858796
hmis,3/11/19,15:15,7,grid15_6_6.jpeg,img2,Img1,grid15_6_4.jpeg,grid21_6_4.jpeg,0.674386574,0.674398148
hzwgrn,3/11/19,17:15,4,grid9_6_5.jpeg,img2,Img1,grid9_6_2.jpeg,grid33_6_2.jpeg,0.670914352,0.671053241
obxeqsi,3/11/19,18:14,11,grid16_6_3.jpeg,img2,Img2,grid16_6_1.jpeg,grid11_6_1.jpeg,15:56:093,15:56:093
hmis,3/11/19,15:15,8,grid25_6_3.jpeg,img2,Img2,grid25_6_2.jpeg,grid30_6_2.jpeg,0.679594907,0.679606481
hzwgrn,3/11/19,17:15,5,grid27_6_6.jpeg,img1,Img2,grid27_6_1.jpeg,grid40_6_1.jpeg,0.675729167,0.675775463
obxeqsi,3/11/19,18:14,12,grid2_6_5.jpeg,img1,Img1,grid2_6_6.jpeg,grid13_6_6.jpeg,16:02:017,16:02:017
hmis,3/11/19,15:15,9,grid33_6_2.jpeg,img1,Img2,grid33_6_3.jpeg,grid30_6_3.jpeg,16:09:058,16:09:060
hzwgrn,3/11/19,17:15,6,grid15_6_3.jpeg,img2,Img2,grid15_6_5.jpeg,grid27_6_5.jpeg,0.679108796,0.679201389
obxeqsi,3/11/19,18:14,13,grid16_6_5.jpeg,img1,Img1,grid16_6_6.jpeg,grid14_6_6.jpeg,0.680798611,0.680810185
hmis,3/11/19,15:15,10,grid38_6_2.jpeg,img1,Img2,grid33_6_3.jpeg,grid30_6_3.jpeg,0.683819444,0.683831019
hzwgrn,3/11/19,17:15,7,grid10_6_3.jpeg,img1,Img1,grid10_6_1.jpeg,grid12_6_1.jpeg,0.683831019,0.683912037
hmis,3/11/19,15:15,11,grid12_6_5.jpeg,img2,Img1,grid12_6_6.jpeg,grid13_6_6.jpeg,0.691863426,0.691875
obxeqsi,3/11/19,18:14,14,grid23_6_2.jpeg,img1,Img2,grid23_6_1.jpeg,grid39_6_1.jpeg,0.679814815,0.679814815
hzwgrn,3/11/19,17:15,8,grid14_6_2.jpeg,img2,Img1,grid14_6_3.jpeg,grid40_6_3.jpeg,0.688136574,0.688263889
hmis,3/11/19,15:15,12,grid17_6_4.jpeg,img1,Img2,grid17_6_5.jpeg,grid30_6_5.jpeg,0.692928241,0.692939815
obxeqsi,3/11/19,18:14,15,grid20_6_4.jpeg,img1,Img2,grid20_6_6.jpeg,grid3_6_6.jpeg,0.685335648,0.685335648
hzwgrn,3/11/19,17:15,9,grid33_6_1.jpeg,img1,Img1,grid33_6_5.jpeg,grid23_6_5.jpeg,0.694502315,0.694606481
obxeqsi,3/11/19,18:14,16,grid3_6_1.jpeg,img1,Img1,grid3_6_3.jpeg,grid25_6_3.jpeg,0.685462963,0.685462963
hmis,3/11/19,15:15,13,grid5_6_4.jpeg,img1,Img1,grid5_6_2.jpeg,grid20_6_2.jpeg,0.694363426,0.694386574
hzwgrn,3/11/19,17:15,10,grid38_6_2.jpeg,img1,Img1,grid33_6_5.jpeg,grid23_6_5.jpeg,0.698460648,0.698564815
hmis,3/11/19,15:15,14,grid31_6_3.jpeg,img1,Img1,grid31_6_4.jpeg,grid12_6_4.jpeg,0.695509259,0.695532407
obxeqsi,3/11/19,18:14,17,grid41_6_4.jpeg,img2,Img2,grid41_6_3.jpeg,grid15_6_3.jpeg,0.69369213,0.693703704
hzwgrn,3/11/19,17:15,11,grid16_6_4.jpeg,img2,Img1,grid16_6_5.jpeg,grid11_6_5.jpeg,0.695983796,0.696076389
hmis,3/11/19,15:15,15,grid41_6_1.jpeg,img2,Img1,grid41_6_3.jpeg,grid36_6_3.jpeg,0.706238426,0.706261574
obxeqsi,3/11/19,18:14,18,grid41_6_1.jpeg,img2,Img1,grid41_6_5.jpeg,grid8_6_5.jpeg,0.699479167,0.699490741
hzwgrn,3/11/19,17:15,12,grid38_6_5.jpeg,img1,Img2,grid38_6_1.jpeg,grid31_6_1.jpeg,0.705243056,0.705358796
hmis,3/11/19,15:15,16,grid24_6_1.jpeg,img2,Img1,grid24_6_4.jpeg,grid25_6_4.jpeg,0.704849537,0.704861111
obxeqsi,3/11/19,18:14,19,grid24_6_1.jpeg,img2,Img1,grid24_6_2.jpeg,grid25_6_2.jpeg,0.699606481,0.699606481
hzwgrn,3/11/19,17:15,13,grid4_6_6.jpeg,img2,Img1,grid4_6_2.jpeg,grid37_6_2.jpeg,0.703888889,0.703958333
hmis,3/11/19,15:15,17,grid28_6_5.jpeg,img1,Img1,grid28_6_1.jpeg,grid26_6_1.jpeg,0.708611111,0.708634259
obxeqsi,3/11/19,18:14,20,grid15_6_5.jpeg,img1,Img1,grid24_6_2.jpeg,grid25_6_2.jpeg,0.706006944,0.706018519
hzwgrn,3/11/19,17:15,14,grid26_6_5.jpeg,img2,Img1,grid26_6_6.jpeg,grid27_6_6.jpeg,0.712152778,0.712233796
hmis,3/11/19,15:15,18,grid38_6_5.jpeg,img1,Img2,grid38_6_6.jpeg,grid17_6_6.jpeg,0.708553241,0.708564815
obxeqsi,3/11/19,18:14,21,grid33_6_3.jpeg,img1,Img2,grid33_6_5.jpeg,grid7_6_5.jpeg,0.710486111,0.710497685
hzwgrn,3/11/19,17:15,15,grid39_6_4.jpeg,img2,Img2,grid39_6_1.jpeg,grid14_6_1.jpeg,0.716655093,0.716759259
hmis,3/11/19,15:15,19,grid9_6_4.jpeg,img1,Img1,grid9_6_5.jpeg,grid41_6_5.jpeg,0.714537037,0.714548611
obxeqsi,3/11/19,18:14,22,grid31_6_5.jpeg,img1,Img1,grid31_6_4.jpeg,grid3_6_4.jpeg,0.708726852,0.708738426
hzwgrn,3/11/19,17:15,16,grid13_6_1.jpeg,img1,Img1,grid13_6_2.jpeg,grid17_6_2.jpeg,0.711284722,0.711342593
hmis,3/11/19,15:15,20,grid36_6_1.jpeg,img1,Img1,grid9_6_5.jpeg,grid41_6_5.jpeg,0.716875,0.716886574
hzwgrn,3/11/19,17:15,17,grid6_6_6.jpeg,img1,Img1,grid6_6_1.jpeg,grid20_6_1.jpeg,0.72224537,0.722303241
obxeqsi,3/11/19,18:14,23,grid14_6_3.jpeg,img2,Img2,grid14_6_4.jpeg,grid22_6_4.jpeg,0.722106481,0.722118056
hmis,3/11/19,15:15,21,grid17_6_6.jpeg,img2,Img2,grid17_6_2.jpeg,grid9_6_2.jpeg,17:12:074,17:12:075
obxeqsi,3/11/19,18:14,24,grid37_6_6.jpeg,img2,Img1,grid37_6_1.jpeg,grid29_6_1.jpeg,0.724560185,0.724560185
hmis,3/11/19,15:15,22,grid24_6_5.jpeg,img1,Img2,grid24_6_4.jpeg,grid18_6_4.jpeg,0.731423611,0.731446759
hzwgrn,3/11/19,17:15,18,grid9_6_1.jpeg,img2,Img1,grid9_6_4.jpeg,grid29_6_4.jpeg,0.723761574,0.723819444
hmis,3/11/19,15:15,23,grid14_6_4.jpeg,img1,Img1,grid14_6_3.jpeg,grid19_6_3.jpeg,0.727974537,0.727986111
obxeqsi,3/11/19,18:14,25,grid27_6_1.jpeg,img2,Img2,grid27_6_2.jpeg,grid18_6_2.jpeg,0.72875,0.72875
hzwgrn,3/11/19,17:15,19,grid18_6_3.jpeg,img2,Img1,grid18_6_2.jpeg,grid25_6_2.jpeg,0.731898148,0.731979167
hmis,3/11/19,15:15,24,grid33_6_4.jpeg,img2,Img2,grid33_6_5.jpeg,grid37_6_5.jpeg,17:28:084,17:28:085
obxeqsi,3/11/19,18:14,26,grid32_6_1.jpeg,img2,Img2,grid32_6_6.jpeg,grid2_6_6.jpeg,0.732141204,0.732141204
hzwgrn,3/11/19,17:15,20,grid35_6_6.jpeg,img1,Img1,grid18_6_2.jpeg,grid25_6_2.jpeg,0.731574074,0.731678241
hmis,3/11/19,15:15,25,grid23_6_3.jpeg,img2,Img2,grid23_6_5.jpeg,grid24_6_5.jpeg,0.732673611,0.732685185
obxeqsi,3/11/19,18:14,27,grid13_6_4.jpeg,img2,Img2,grid13_6_1.jpeg,grid28_6_1.jpeg,0.730023148,0.730023148
hzwgrn,3/11/19,17:15,21,grid12_6_5.jpeg,img1,Img2,grid12_6_4.jpeg,grid3_6_4.jpeg,0.736550926,0.736643519
hmis,3/11/19,15:15,26,grid16_6_2.jpeg,img1,Img2,grid16_6_6.jpeg,grid41_6_6.jpeg,0.742476852,0.742488426
obxeqsi,3/11/19,18:14,28,grid32_6_4.jpeg,img2,Img1,grid32_6_5.jpeg,grid3_6_5.jpeg,0.736886574,0.736886574
hzwgrn,3/11/19,17:15,22,grid21_6_6.jpeg,img2,Img1,grid21_6_5.jpeg,grid20_6_5.jpeg,17:38:073,17:38:083
hmis,3/11/19,15:15,27,grid11_6_5.jpeg,img2,Img1,grid11_6_6.jpeg,grid14_6_6.jpeg,17:43:096,17:43:097
hzwgrn,3/11/19,17:15,23,grid23_6_3.jpeg,img2,Img2,grid23_6_4.jpeg,grid12_6_4.jpeg,0.741122685,0.741215278
obxeqsi,3/11/19,18:14,29,grid18_6_6.jpeg,img2,Img1,grid18_6_5.jpeg,grid8_6_5.jpeg,0.739050926,0.7390625
hmis,3/11/19,15:15,28,grid30_6_6.jpeg,img1,Img2,grid30_6_5.jpeg,grid17_6_5.jpeg,0.749907407,0.749918981
hzwgrn,3/11/19,17:15,24,grid34_6_1.jpeg,img1,Img2,grid34_6_6.jpeg,grid28_6_6.jpeg,0.746967593,0.747083333
obxeqsi,3/11/19,18:14,30,grid13_6_6.jpeg,img1,Img1,grid18_6_5.jpeg,grid8_6_5.jpeg,0.748784722,0.748784722
hmis,3/11/19,15:15,29,grid16_6_4.jpeg,img1,Img1,grid16_6_2.jpeg,grid36_6_2.jpeg,0.755081019,0.755092593
hzwgrn,3/11/19,17:15,25,grid6_6_3.jpeg,img1,Img2,grid6_6_4.jpeg,grid7_6_4.jpeg,0.753553241,0.753611111
obxeqsi,3/11/19,18:14,31,grid26_6_3.jpeg,img2,Img1,grid26_6_4.jpeg,grid19_6_4.jpeg,0.751331019,0.751331019
hmis,3/11/19,15:15,30,grid6_6_1.jpeg,img1,Img1,grid16_6_2.jpeg,grid36_6_2.jpeg,0.75099537,0.751006944
hzwgrn,3/11/19,17:15,26,grid37_6_1.jpeg,img2,Img2,grid37_6_3.jpeg,grid25_6_3.jpeg,0.750752315,0.750891204
obxeqsi,3/11/19,18:14,32,grid8_6_6.jpeg,img1,Img1,grid8_6_2.jpeg,grid34_6_2.jpeg,0.754710648,0.754722222
hmis,3/11/19,15:15,31,grid34_6_1.jpeg,img2,Img2,grid34_6_5.jpeg,grid16_6_5.jpeg,0.760625,0.760625
hzwgrn,3/11/19,17:15,27,grid24_6_4.jpeg,img2,Img1,grid24_6_3.jpeg,grid7_6_3.jpeg,0.753993056,0.754074074
hmis,3/11/19,15:15,32,grid21_6_5.jpeg,img1,Img1,grid21_6_3.jpeg,grid16_6_3.jpeg,18:08:073,18:08:074
hzwgrn,3/11/19,17:15,28,grid29_6_4.jpeg,img2,Img1,grid29_6_5.jpeg,grid32_6_5.jpeg,0.761435185,0.761574074
obxeqsi,3/11/19,18:14,33,grid3_6_3.jpeg,img2,Img1,grid3_6_1.jpeg,grid2_6_1.jpeg,0.754583333,0.754583333
hzwgrn,3/11/19,17:15,29,grid37_6_5.jpeg,img1,Img1,grid37_6_1.jpeg,grid8_6_1.jpeg,0.766284722,0.766342593
hmis,3/11/19,15:15,33,grid39_6_5.jpeg,img1,Img1,grid39_6_6.jpeg,grid3_6_6.jpeg,0.766284722,0.766296296
obxeqsi,3/11/19,18:14,34,grid28_6_6.jpeg,img1,Img2,grid28_6_5.jpeg,grid9_6_5.jpeg,18:08:079,18:08:079
hzwgrn,3/11/19,17:15,30,grid32_6_4.jpeg,img1,Img1,grid37_6_1.jpeg,grid8_6_1.jpeg,0.763217593,0.763310185
hmis,3/11/19,15:15,34,grid38_6_6.jpeg,img1,Img1,grid38_6_5.jpeg,grid8_6_5.jpeg,0.773715278,0.773726852
obxeqsi,3/11/19,18:14,35,grid18_6_4.jpeg,img1,Img2,grid28_6_5.jpeg,grid9_6_5.jpeg,18:14:077,18:14:078
hzwgrn,3/11/19,17:15,31,grid38_6_6.jpeg,img1,Img1,grid38_6_5.jpeg,grid15_6_5.jpeg,0.768460648,0.768622685
hmis,3/11/19,15:15,35,grid19_6_1.jpeg,img1,Img1,grid38_6_5.jpeg,grid8_6_5.jpeg,0.769467593,0.769479167
obxeqsi,3/11/19,18:14,36,grid30_6_3.jpeg,img1,Img2,grid30_6_5.jpeg,grid19_6_5.jpeg,0.771979167,0.771990741
hzwgrn,3/11/19,17:15,32,grid20_6_6.jpeg,img2,Img1,grid20_6_2.jpeg,grid3_6_2.jpeg,0.771446759,0.771539352
hmis,3/11/19,15:15,36,grid21_6_3.jpeg,img1,Img2,grid21_6_1.jpeg,grid28_6_1.jpeg,0.779270833,0.779282407
obxeqsi,3/11/19,18:14,37,grid6_6_2.jpeg,img2,Img2,grid6_6_3.jpeg,grid18_6_3.jpeg,0.774722222,0.774733796
hzwgrn,3/11/19,17:15,33,grid4_6_2.jpeg,img2,Img2,grid4_6_1.jpeg,grid2_6_1.jpeg,0.778217593,0.778356481
hmis,3/11/19,15:15,37,grid7_6_5.jpeg,img1,Img2,grid7_6_2.jpeg,grid23_6_2.jpeg,0.778703704,0.778703704
obxeqsi,3/11/19,18:14,38,grid2_6_4.jpeg,img1,Img2,grid2_6_2.jpeg,grid5_6_2.jpeg,18:30:007,18:30:008
hmis,3/11/19,15:15,38,grid6_6_3.jpeg,img2,Img1,grid6_6_1.jpeg,grid33_6_1.jpeg,0.787476852,0.787476852
hzwgrn,3/11/19,17:15,34,grid8_6_3.jpeg,img1,Img1,grid8_6_6.jpeg,grid12_6_6.jpeg,0.776423611,0.776608796
obxeqsi,3/11/19,18:14,39,grid22_6_6.jpeg,img1,Img2,grid22_6_5.jpeg,grid5_6_5.jpeg,0.778831019,0.778831019
hzwgrn,3/11/19,17:15,35,grid40_6_5.jpeg,img1,Img1,grid8_6_6.jpeg,grid12_6_6.jpeg,0.781759259,0.781851852
hmis,3/11/19,15:15,39,grid23_6_1.jpeg,img1,Img1,grid23_6_2.jpeg,grid35_6_2.jpeg,0.789826389,0.789837963
hzwgrn,3/11/19,17:15,36,grid17_6_2.jpeg,img1,Img1,grid17_6_3.jpeg,grid38_6_3.jpeg,0.788055556,0.788136574
obxeqsi,3/11/19,18:14,40,grid31_6_6.jpeg,img1,Img1,grid31_6_4.jpeg,grid14_6_4.jpeg,0.78912037,0.78912037
hmis,3/11/19,15:15,40,grid4_6_5.jpeg,img1,Img2,grid4_6_4.jpeg,grid20_6_4.jpeg,0.792881944,0.792893519
hzwgrn,3/11/19,17:15,37,grid32_6_5.jpeg,img2,Img2,grid32_6_6.jpeg,grid37_6_6.jpeg,0.794236111,0.794363426
hzwgrn,3/11/19,17:15,38,grid35_6_4.jpeg,img2,Img1,grid35_6_3.jpeg,grid33_6_3.jpeg,0.798229167,0.798333333
hzwgrn,3/11/19,17:15,39,grid5_6_2.jpeg,img2,Img1,grid5_6_4.jpeg,grid25_6_4.jpeg,0.795381944,0.795474537
hzwgrn,3/11/19,17:15,40,grid28_6_2.jpeg,img1,Img1,grid28_6_3.jpeg,grid37_6_3.jpeg,0.800150463,0.800208333
wmrweod,3/11/19,18:10,1,grid29_6_5.jpeg,img2,Img1,grid29_6_3.jpeg,grid4_6_3.jpeg,26:26:402,0
wmrweod,3/11/19,18:10,2,grid12_6_2.jpeg,img1,Img2,grid12_6_1.jpeg,grid26_6_1.jpeg,26:30:581,26:30:582
patot,3/11/19,18:26,1,grid23_6_5.jpeg,img1,Img1,grid23_6_2.jpeg,grid8_6_2.jpeg,26:28:217,0
wmrweod,3/11/19,18:10,3,grid2_6_6.jpeg,img1,Img1,grid2_6_5.jpeg,grid25_6_5.jpeg,26:34:983,26:34:984
patot,3/11/19,18:26,2,grid36_6_5.jpeg,img1,Img2,grid36_6_6.jpeg,grid3_6_6.jpeg,26:37:742,26:37:743
wmrweod,3/11/19,18:10,4,grid25_6_1.jpeg,img2,Img1,grid25_6_5.jpeg,grid32_6_5.jpeg,26:38:898,26:38:899
wmrweod,3/11/19,18:10,5,grid33_6_4.jpeg,img2,Img2,grid33_6_2.jpeg,grid11_6_2.jpeg,26:43:535,26:43:535
patot,3/11/19,18:26,3,grid38_6_6.jpeg,img1,Img2,grid38_6_4.jpeg,grid29_6_4.jpeg,26:42:767,26:42:767
wmrweod,3/11/19,18:10,6,grid14_6_4.jpeg,img2,Img1,grid14_6_2.jpeg,grid5_6_2.jpeg,26:47:293,26:47:293
patot,3/11/19,18:26,4,grid38_6_5.jpeg,img2,Img2,grid38_6_3.jpeg,grid18_6_3.jpeg,26:48:303,26:48:305
wmrweod,3/11/19,18:10,7,grid20_6_3.jpeg,img1,Img1,grid20_6_1.jpeg,grid4_6_1.jpeg,26:51:073,26:51:073
patot,3/11/19,18:26,5,grid2_6_4.jpeg,img2,Img2,grid2_6_1.jpeg,grid13_6_1.jpeg,26:53:673,26:53:673
wmrweod,3/11/19,18:10,8,grid14_6_1.jpeg,img1,Img2,grid14_6_3.jpeg,grid10_6_3.jpeg,26:54:744,26:54:744
wmrweod,3/11/19,18:10,9,grid31_6_4.jpeg,img2,Img2,grid31_6_2.jpeg,grid41_6_2.jpeg,26:58:346,26:58:346
patot,3/11/19,18:26,6,grid2_6_1.jpeg,img2,Img2,grid2_6_6.jpeg,grid15_6_6.jpeg,26:58:415,26:58:416
wmrweod,3/11/19,18:10,10,grid39_6_3.jpeg,img1,Img2,grid31_6_2.jpeg,grid41_6_2.jpeg,27:02:187,27:02:188
patot,3/11/19,18:26,7,grid12_6_6.jpeg,img1,Img2,grid12_6_3.jpeg,grid40_6_3.jpeg,27:03:579,27:03:579
wmrweod,3/11/19,18:10,11,grid24_6_6.jpeg,img2,Img2,grid24_6_5.jpeg,grid18_6_5.jpeg,27:05:991,27:05:992
patot,3/11/19,18:26,8,grid16_6_5.jpeg,img1,Img1,grid16_6_6.jpeg,grid3_6_6.jpeg,27:09:732,27:09:732
wmrweod,3/11/19,18:10,12,grid31_6_5.jpeg,img1,Img1,grid31_6_6.jpeg,grid30_6_6.jpeg,27:09:943,27:09:944
wmrweod,3/11/19,18:10,13,grid15_6_3.jpeg,img2,Img1,grid15_6_6.jpeg,grid37_6_6.jpeg,27:13:746,27:13:746
patot,3/11/19,18:26,9,grid40_6_1.jpeg,img1,Img1,grid40_6_3.jpeg,grid24_6_3.jpeg,27:13:947,27:13:947
wmrweod,3/11/19,18:10,14,grid34_6_1.jpeg,img2,Img1,grid34_6_4.jpeg,grid20_6_4.jpeg,27:18:475,27:18:476
patot,3/11/19,18:26,10,grid8_6_6.jpeg,img1,Img1,grid40_6_3.jpeg,grid24_6_3.jpeg,27:19:277,27:19:278
wmrweod,3/11/19,18:10,15,grid7_6_1.jpeg,img1,Img2,grid7_6_6.jpeg,grid10_6_6.jpeg,27:22:697,27:22:698
patot,3/11/19,18:26,11,grid28_6_6.jpeg,img1,Img2,grid28_6_3.jpeg,grid27_6_3.jpeg,27:24:211,27:24:212
wmrweod,3/11/19,18:10,16,grid14_6_5.jpeg,img1,Img2,grid14_6_2.jpeg,grid10_6_2.jpeg,27:26:855,27:26:855
patot,3/11/19,18:26,12,grid16_6_1.jpeg,img1,Img2,grid16_6_4.jpeg,grid13_6_4.jpeg,27:28:838,27:28:838
wmrweod,3/11/19,18:10,17,grid36_6_2.jpeg,img2,Img2,grid36_6_5.jpeg,grid30_6_5.jpeg,27:30:773,27:30:774
wmrweod,3/11/19,18:10,18,grid14_6_3.jpeg,img1,Img1,grid14_6_2.jpeg,grid2_6_2.jpeg,27:34:681,27:34:681
patot,3/11/19,18:26,13,grid32_6_3.jpeg,img2,Img1,grid32_6_4.jpeg,grid35_6_4.jpeg,27:33:832,27:33:832
wmrweod,3/11/19,18:10,19,grid19_6_2.jpeg,img2,Img2,grid19_6_4.jpeg,grid26_6_4.jpeg,27:38:577,27:38:578
patot,3/11/19,18:26,14,grid12_6_5.jpeg,img2,Img2,grid12_6_4.jpeg,grid5_6_4.jpeg,27:40:395,27:40:395
wmrweod,3/11/19,18:10,20,grid9_6_6.jpeg,img1,Img2,grid19_6_4.jpeg,grid26_6_4.jpeg,27:42:605,27:42:606
patot,3/11/19,18:26,15,grid39_6_2.jpeg,img2,Img2,grid39_6_3.jpeg,grid16_6_3.jpeg,27:45:905,27:45:906
wmrweod,3/11/19,18:10,21,grid20_6_5.jpeg,img2,Img2,grid20_6_1.jpeg,grid4_6_1.jpeg,27:46:413,27:46:414
wmrweod,3/11/19,18:10,22,grid15_6_2.jpeg,img1,Img2,grid15_6_4.jpeg,grid40_6_4.jpeg,27:50:513,27:50:514
patot,3/11/19,18:26,16,grid35_6_3.jpeg,img2,Img2,grid35_6_5.jpeg,grid26_6_5.jpeg,27:50:513,27:50:513
wmrweod,3/11/19,18:10,23,grid37_6_6.jpeg,img1,Img1,grid37_6_5.jpeg,grid16_6_5.jpeg,27:54:521,27:54:521
patot,3/11/19,18:26,17,grid37_6_4.jpeg,img2,Img2,grid37_6_5.jpeg,grid19_6_5.jpeg,27:55:103,27:55:104
wmrweod,3/11/19,18:10,24,grid37_6_4.jpeg,img1,Img1,grid37_6_1.jpeg,grid12_6_1.jpeg,27:58:300,27:58:301
patot,3/11/19,18:26,18,grid22_6_4.jpeg,img1,Img1,grid22_6_2.jpeg,grid30_6_2.jpeg,28:00:048,28:00:048
wmrweod,3/11/19,18:10,25,grid3_6_3.jpeg,img1,Img2,grid3_6_6.jpeg,grid20_6_6.jpeg,28:02:333,28:02:334
patot,3/11/19,18:26,19,grid21_6_3.jpeg,img1,Img2,grid21_6_4.jpeg,grid22_6_4.jpeg,28:04:915,28:04:915
wmrweod,3/11/19,18:10,26,grid40_6_6.jpeg,img2,Img2,grid40_6_2.jpeg,grid33_6_2.jpeg,28:07:275,28:07:275
patot,3/11/19,18:26,20,grid32_6_4.jpeg,img1,Img2,grid21_6_4.jpeg,grid22_6_4.jpeg,28:09:527,28:09:527
wmrweod,3/11/19,18:10,27,grid27_6_2.jpeg,img1,Img1,grid27_6_5.jpeg,grid7_6_5.jpeg,28:11:151,28:11:152
wmrweod,3/11/19,18:10,28,grid11_6_5.jpeg,img2,Img1,grid11_6_2.jpeg,grid2_6_2.jpeg,28:15:255,28:15:256
patot,3/11/19,18:26,21,grid23_6_2.jpeg,img2,Img1,grid23_6_3.jpeg,grid15_6_3.jpeg,28:14:461,28:14:461
wmrweod,3/11/19,18:10,29,grid19_6_5.jpeg,img2,Img1,grid19_6_2.jpeg,grid25_6_2.jpeg,28:19:044,28:19:045
patot,3/11/19,18:26,22,grid41_6_4.jpeg,img1,Img1,grid41_6_1.jpeg,grid30_6_1.jpeg,28:20:123,28:20:124
wmrweod,3/11/19,18:10,30,grid4_6_6.jpeg,img1,Img1,grid19_6_2.jpeg,grid25_6_2.jpeg,28:22:913,28:22:913
patot,3/11/19,18:26,23,grid30_6_4.jpeg,img1,Img2,grid30_6_5.jpeg,grid6_6_5.jpeg,28:24:780,28:24:780
wmrweod,3/11/19,18:10,31,grid34_6_2.jpeg,img2,Img2,grid34_6_3.jpeg,grid16_6_3.jpeg,28:26:684,28:26:685
wmrweod,3/11/19,18:10,32,grid31_6_1.jpeg,img2,Img1,grid31_6_2.jpeg,grid14_6_2.jpeg,28:30:594,28:30:595
patot,3/11/19,18:26,24,grid36_6_1.jpeg,img1,Img1,grid36_6_6.jpeg,grid11_6_6.jpeg,28:30:442,28:30:443
wmrweod,3/11/19,18:10,33,grid6_6_4.jpeg,img1,Img1,grid6_6_6.jpeg,grid30_6_6.jpeg,28:34:343,28:34:344
patot,3/11/19,18:26,25,grid35_6_2.jpeg,img1,Img1,grid35_6_5.jpeg,grid41_6_5.jpeg,28:34:826,28:34:826
wmrweod,3/11/19,18:10,34,grid21_6_6.jpeg,img1,Img2,grid21_6_1.jpeg,grid23_6_1.jpeg,28:37:845,28:37:845
patot,3/11/19,18:26,26,grid39_6_5.jpeg,img1,Img2,grid39_6_3.jpeg,grid28_6_3.jpeg,28:40:009,28:40:010
wmrweod,3/11/19,18:10,35,grid13_6_1.jpeg,img1,Img2,grid21_6_1.jpeg,grid23_6_1.jpeg,28:41:490,28:41:491
patot,3/11/19,18:26,27,grid3_6_4.jpeg,img1,Img2,grid3_6_3.jpeg,grid7_6_3.jpeg,28:44:121,28:44:121
wmrweod,3/11/19,18:10,36,grid2_6_2.jpeg,img2,Img2,grid2_6_6.jpeg,grid20_6_6.jpeg,28:46:079,28:46:080
wmrweod,3/11/19,18:10,37,grid33_6_3.jpeg,img2,Img2,grid33_6_4.jpeg,grid18_6_4.jpeg,28:50:051,28:50:051
patot,3/11/19,18:26,28,grid38_6_2.jpeg,img2,Img2,grid38_6_1.jpeg,grid22_6_1.jpeg,28:49:320,28:49:320
wmrweod,3/11/19,18:10,38,grid8_6_2.jpeg,img1,Img2,grid8_6_1.jpeg,grid16_6_1.jpeg,28:54:214,28:54:214
patot,3/11/19,18:26,29,grid34_6_6.jpeg,img2,Img2,grid34_6_2.jpeg,grid40_6_2.jpeg,28:54:739,28:54:739
wmrweod,3/11/19,18:10,39,grid4_6_4.jpeg,img1,Img1,grid4_6_5.jpeg,grid32_6_5.jpeg,28:57:971,28:57:972
patot,3/11/19,18:26,30,grid18_6_4.jpeg,img1,Img2,grid34_6_2.jpeg,grid40_6_2.jpeg,28:59:707,28:59:708
wmrweod,3/11/19,18:10,40,grid41_6_3.jpeg,img1,Img1,grid41_6_4.jpeg,grid3_6_4.jpeg,29:01:831,29:01:832
patot,3/11/19,18:26,31,grid24_6_3.jpeg,img1,Img2,grid24_6_4.jpeg,grid10_6_4.jpeg,29:04:488,29:04:488
patot,3/11/19,18:26,32,grid30_6_1.jpeg,img2,Img1,grid30_6_4.jpeg,grid31_6_4.jpeg,29:09:557,29:09:558
patot,3/11/19,18:26,33,grid9_6_4.jpeg,img1,Img2,grid9_6_5.jpeg,grid3_6_5.jpeg,29:15:303,29:15:304
patot,3/11/19,18:26,34,grid29_6_1.jpeg,img1,Img1,grid29_6_2.jpeg,grid37_6_2.jpeg,29:20:432,29:20:433
patot,3/11/19,18:26,35,grid17_6_3.jpeg,img1,Img1,grid29_6_2.jpeg,grid37_6_2.jpeg,29:25:308,29:25:308
patot,3/11/19,18:26,36,grid8_6_3.jpeg,img2,Img1,grid8_6_4.jpeg,grid4_6_4.jpeg,29:29:508,29:29:508
patot,3/11/19,18:26,37,grid30_6_5.jpeg,img2,Img2,grid30_6_6.jpeg,grid15_6_6.jpeg,29:34:644,29:34:645
patot,3/11/19,18:26,38,grid29_6_5.jpeg,img2,Img2,grid29_6_6.jpeg,grid5_6_6.jpeg,29:39:536,29:39:536
patot,3/11/19,18:26,39,grid5_6_1.jpeg,img2,Img2,grid5_6_3.jpeg,grid6_6_3.jpeg,29:45:337,29:45:338
patot,3/11/19,18:26,40,grid27_6_4.jpeg,img1,Img1,grid27_6_2.jpeg,grid5_6_2.jpeg,30:05:365,30:05:365
vsgmaoq,3/11/19,18:35,1,grid20_6_5.jpeg,img2,Img1,grid20_6_6.jpeg,grid6_6_6.jpeg,35:52:854,0
vsgmaoq,3/11/19,18:35,2,grid15_6_5.jpeg,img2,Img2,grid15_6_6.jpeg,grid37_6_6.jpeg,35:57:522,35:57:523
vsgmaoq,3/11/19,18:35,3,grid22_6_3.jpeg,img2,Img2,grid22_6_1.jpeg,grid7_6_1.jpeg,36:02:472,36:02:473
vsgmaoq,3/11/19,18:35,4,grid28_6_4.jpeg,img1,Img1,grid28_6_5.jpeg,grid3_6_5.jpeg,36:06:992,36:06:992
vsgmaoq,3/11/19,18:35,5,grid35_6_1.jpeg,img1,Img1,grid35_6_4.jpeg,grid36_6_4.jpeg,36:15:785,36:15:785
vsgmaoq,3/11/19,18:35,6,grid32_6_1.jpeg,img1,Img2,grid32_6_5.jpeg,grid23_6_5.jpeg,36:20:381,36:20:381
vsgmaoq,3/11/19,18:35,7,grid25_6_1.jpeg,img1,Img1,grid25_6_4.jpeg,grid4_6_4.jpeg,36:25:756,36:25:757
vsgmaoq,3/11/19,18:35,8,grid7_6_4.jpeg,img2,Img2,grid7_6_6.jpeg,grid8_6_6.jpeg,36:30:330,36:30:331
vsgmaoq,3/11/19,18:35,9,grid28_6_6.jpeg,img1,Img1,grid28_6_4.jpeg,grid11_6_4.jpeg,36:34:483,36:34:483
qnmhffh,3/11/19,17:36,1,grid15_6_5.jpeg,img1,Img1,grid15_6_6.jpeg,grid40_6_6.jpeg,36:34:613,0
vsgmaoq,3/11/19,18:35,10,grid41_6_4.jpeg,img1,Img1,grid28_6_4.jpeg,grid11_6_4.jpeg,36:39:222,36:39:222
vsgmaoq,3/11/19,18:35,11,grid36_6_1.jpeg,img2,Img1,grid36_6_4.jpeg,grid21_6_4.jpeg,36:43:375,36:43:375
qnmhffh,3/11/19,17:36,2,grid16_6_3.jpeg,img2,Img2,grid16_6_1.jpeg,grid39_6_1.jpeg,36:39:354,36:39:355
vsgmaoq,3/11/19,18:35,12,grid9_6_4.jpeg,img2,Img1,grid9_6_5.jpeg,grid26_6_5.jpeg,36:48:111,36:48:111
vsgmaoq,3/11/19,18:35,13,grid5_6_4.jpeg,img2,Img1,grid5_6_1.jpeg,grid11_6_1.jpeg,36:52:794,36:52:794
qnmhffh,3/11/19,17:36,3,grid33_6_6.jpeg,img1,Img1,grid33_6_1.jpeg,grid4_6_1.jpeg,36:47:135,36:47:135
vsgmaoq,3/11/19,18:35,14,grid30_6_2.jpeg,img2,Img1,grid30_6_1.jpeg,grid15_6_1.jpeg,36:57:481,36:57:481
qnmhffh,3/11/19,17:36,4,grid4_6_5.jpeg,img1,Img1,grid4_6_6.jpeg,grid36_6_6.jpeg,36:55:076,36:55:076
vsgmaoq,3/11/19,18:35,15,grid23_6_5.jpeg,img1,Img2,grid23_6_3.jpeg,grid18_6_3.jpeg,37:02:464,37:02:464
qnmhffh,3/11/19,17:36,5,grid29_6_3.jpeg,img1,Img1,grid29_6_4.jpeg,grid13_6_4.jpeg,37:00:551,37:00:552
qnmhffh,3/11/19,17:36,6,grid36_6_6.jpeg,img1,Img2,grid36_6_2.jpeg,grid40_6_2.jpeg,37:06:736,37:06:737
vsgmaoq,3/11/19,18:35,16,grid13_6_1.jpeg,img2,Img1,grid13_6_6.jpeg,grid15_6_6.jpeg,37:08:784,37:08:784
qnmhffh,3/11/19,17:36,7,grid21_6_6.jpeg,img2,Img1,grid21_6_5.jpeg,grid31_6_5.jpeg,37:12:720,37:12:720
vsgmaoq,3/11/19,18:35,17,grid17_6_2.jpeg,img1,Img2,grid17_6_3.jpeg,grid26_6_3.jpeg,37:19:993,37:19:994
qnmhffh,3/11/19,17:36,8,grid39_6_4.jpeg,img2,Img1,grid39_6_6.jpeg,grid12_6_6.jpeg,37:18:534,37:18:534
qnmhffh,3/11/19,17:36,9,grid16_6_1.jpeg,img1,Img1,grid16_6_6.jpeg,grid28_6_6.jpeg,37:23:389,37:23:390
qnmhffh,3/11/19,17:36,10,grid13_6_3.jpeg,img1,Img1,grid16_6_6.jpeg,grid28_6_6.jpeg,37:28:087,37:28:088
qnmhffh,3/11/19,17:36,11,grid26_6_4.jpeg,img1,Img1,grid26_6_2.jpeg,grid5_6_2.jpeg,37:32:316,37:32:316
qnmhffh,3/11/19,17:36,12,grid36_6_4.jpeg,img2,Img2,grid36_6_1.jpeg,grid13_6_1.jpeg,37:36:648,37:36:649
qnmhffh,3/11/19,17:36,13,grid7_6_4.jpeg,img1,Img1,grid7_6_6.jpeg,grid14_6_6.jpeg,37:40:740,37:40:741
qnmhffh,3/11/19,17:36,14,grid3_6_6.jpeg,img1,Img2,grid3_6_3.jpeg,grid38_6_3.jpeg,37:44:470,37:44:471
qnmhffh,3/11/19,17:36,15,grid31_6_3.jpeg,img2,Img2,grid31_6_6.jpeg,grid30_6_6.jpeg,37:48:697,37:48:698
qnmhffh,3/11/19,17:36,16,grid4_6_4.jpeg,img2,Img1,grid4_6_6.jpeg,grid37_6_6.jpeg,37:53:705,37:53:706
qnmhffh,3/11/19,17:36,17,grid6_6_1.jpeg,img1,Img2,grid6_6_4.jpeg,grid29_6_4.jpeg,37:59:102,37:59:102
qnmhffh,3/11/19,17:36,18,grid2_6_2.jpeg,img2,Img1,grid2_6_5.jpeg,grid21_6_5.jpeg,38:04:697,38:04:698
qnmhffh,3/11/19,17:36,19,grid16_6_4.jpeg,img1,Img1,grid16_6_1.jpeg,grid41_6_1.jpeg,38:09:592,38:09:593
qnmhffh,3/11/19,17:36,20,grid6_6_4.jpeg,img1,Img1,grid16_6_1.jpeg,grid41_6_1.jpeg,38:14:160,38:14:160
qnmhffh,3/11/19,17:36,21,grid39_6_1.jpeg,img2,Img2,grid39_6_4.jpeg,grid34_6_4.jpeg,38:19:678,38:19:679
qnmhffh,3/11/19,17:36,22,grid5_6_5.jpeg,img1,Img1,grid5_6_6.jpeg,grid7_6_6.jpeg,38:27:231,38:27:231
qnmhffh,3/11/19,17:36,23,grid18_6_4.jpeg,img2,Img1,grid18_6_5.jpeg,grid36_6_5.jpeg,38:41:439,38:41:439
qnmhffh,3/11/19,17:36,24,grid18_6_1.jpeg,img2,Img2,grid18_6_2.jpeg,grid31_6_2.jpeg,38:45:897,38:45:897
qnmhffh,3/11/19,17:36,25,grid22_6_2.jpeg,img2,Img2,grid22_6_5.jpeg,grid25_6_5.jpeg,38:52:293,38:52:293
qnmhffh,3/11/19,17:36,26,grid2_6_4.jpeg,img2,Img2,grid2_6_3.jpeg,grid11_6_3.jpeg,38:58:001,38:58:002
qnmhffh,3/11/19,17:36,27,grid20_6_4.jpeg,img1,Img1,grid20_6_1.jpeg,grid21_6_1.jpeg,39:02:683,39:02:684
qnmhffh,3/11/19,17:36,28,grid3_6_3.jpeg,img2,Img1,grid3_6_1.jpeg,grid20_6_1.jpeg,39:07:980,39:07:980
rrmxj,3/11/19,16:34,1,grid26_6_4.jpeg,img1,Img1,grid26_6_5.jpeg,grid38_6_5.jpeg,39:06:725,0
qnmhffh,3/11/19,17:36,29,grid23_6_3.jpeg,img1,Img1,grid23_6_1.jpeg,grid37_6_1.jpeg,39:12:795,39:12:795
qnmhffh,3/11/19,17:36,30,grid17_6_2.jpeg,img1,Img1,grid23_6_1.jpeg,grid37_6_1.jpeg,39:17:063,39:17:064
rrmxj,3/11/19,16:34,2,grid4_6_3.jpeg,img1,Img1,grid4_6_2.jpeg,grid15_6_2.jpeg,39:13:629,39:13:630
qnmhffh,3/11/19,17:36,31,grid27_6_5.jpeg,img1,Img2,grid27_6_3.jpeg,grid19_6_3.jpeg,39:21:553,39:21:553
rrmxj,3/11/19,16:34,3,grid5_6_5.jpeg,img1,Img1,grid5_6_3.jpeg,grid10_6_3.jpeg,39:21:552,39:21:556
qnmhffh,3/11/19,17:36,32,grid28_6_1.jpeg,img1,Img2,grid28_6_2.jpeg,grid39_6_2.jpeg,39:26:380,39:26:381
qnmhffh,3/11/19,17:36,33,grid5_6_1.jpeg,img2,Img2,grid5_6_6.jpeg,grid11_6_6.jpeg,39:30:385,39:30:385
rrmxj,3/11/19,16:34,4,grid8_6_1.jpeg,img1,Img1,grid8_6_5.jpeg,grid16_6_5.jpeg,39:28:202,39:28:204
qnmhffh,3/11/19,17:36,34,grid23_6_4.jpeg,img1,Img2,grid23_6_1.jpeg,grid7_6_1.jpeg,39:33:998,39:33:998
rrmxj,3/11/19,16:34,5,grid21_6_2.jpeg,img1,Img1,grid21_6_4.jpeg,grid28_6_4.jpeg,39:35:453,39:35:454
qnmhffh,3/11/19,17:36,35,grid17_6_5.jpeg,img2,Img2,grid23_6_1.jpeg,grid7_6_1.jpeg,39:37:823,39:37:823
qnmhffh,3/11/19,17:36,36,grid4_6_2.jpeg,img2,Img2,grid4_6_3.jpeg,grid38_6_3.jpeg,39:41:305,39:41:305
rrmxj,3/11/19,16:34,6,grid21_6_1.jpeg,img2,Img1,grid21_6_6.jpeg,grid18_6_6.jpeg,39:40:641,39:40:642
qnmhffh,3/11/19,17:36,37,grid9_6_6.jpeg,img1,Img2,grid9_6_4.jpeg,grid38_6_4.jpeg,39:45:311,39:45:311
rrmxj,3/11/19,16:34,7,grid24_6_2.jpeg,img1,Img2,grid24_6_3.jpeg,grid23_6_3.jpeg,39:46:554,39:46:556
qnmhffh,3/11/19,17:36,38,grid3_6_4.jpeg,img2,Img1,grid3_6_6.jpeg,grid17_6_6.jpeg,39:49:218,39:49:219
qnmhffh,3/11/19,17:36,39,grid35_6_6.jpeg,img1,Img1,grid35_6_5.jpeg,grid23_6_5.jpeg,39:52:871,39:52:871
rrmxj,3/11/19,16:34,8,grid41_6_3.jpeg,img2,Img1,grid41_6_1.jpeg,grid39_6_1.jpeg,39:51:917,39:51:921
qnmhffh,3/11/19,17:36,40,grid16_6_2.jpeg,img1,Img2,grid16_6_3.jpeg,grid20_6_3.jpeg,39:56:822,39:56:823
rrmxj,3/11/19,16:34,9,grid36_6_2.jpeg,img2,Img1,grid36_6_1.jpeg,grid22_6_1.jpeg,39:59:715,39:59:718
rrmxj,3/11/19,16:34,10,grid16_6_1.jpeg,img1,Img1,grid36_6_1.jpeg,grid22_6_1.jpeg,40:07:193,40:07:194
rrmxj,3/11/19,16:34,11,grid39_6_3.jpeg,img2,Img2,grid39_6_5.jpeg,grid20_6_5.jpeg,40:12:837,40:12:838
rrmxj,3/11/19,16:34,12,grid24_6_6.jpeg,img2,Img1,grid24_6_2.jpeg,grid15_6_2.jpeg,40:22:477,40:22:477
rrmxj,3/11/19,16:34,13,grid28_6_3.jpeg,img2,Img1,grid28_6_4.jpeg,grid15_6_4.jpeg,40:29:006,40:29:008
rrmxj,3/11/19,16:34,14,grid5_6_4.jpeg,img1,Img2,grid5_6_2.jpeg,grid41_6_2.jpeg,40:35:735,40:35:736
rrmxj,3/11/19,16:34,15,grid13_6_2.jpeg,img2,Img1,grid13_6_1.jpeg,grid20_6_1.jpeg,40:41:611,40:41:611
rrmxj,3/11/19,16:34,16,grid13_6_6.jpeg,img1,Img1,grid13_6_5.jpeg,grid39_6_5.jpeg,40:47:641,40:47:642
rrmxj,3/11/19,16:34,17,grid35_6_4.jpeg,img2,Img1,grid35_6_2.jpeg,grid5_6_2.jpeg,40:55:624,40:55:626
rrmxj,3/11/19,16:34,18,grid33_6_3.jpeg,img2,Img1,grid33_6_4.jpeg,grid28_6_4.jpeg,41:00:917,41:00:918
rrmxj,3/11/19,16:34,19,grid24_6_3.jpeg,img2,Img2,grid24_6_5.jpeg,grid36_6_5.jpeg,41:08:053,41:08:054
rrmxj,3/11/19,16:34,20,grid38_6_3.jpeg,img1,Img2,grid24_6_5.jpeg,grid36_6_5.jpeg,41:12:875,41:12:878
rrmxj,3/11/19,16:34,21,grid15_6_5.jpeg,img1,Img2,grid15_6_2.jpeg,grid41_6_2.jpeg,41:18:944,41:18:946
rrmxj,3/11/19,16:34,22,grid38_6_4.jpeg,img1,Img1,grid38_6_6.jpeg,grid16_6_6.jpeg,41:24:762,41:24:764
rrmxj,3/11/19,16:34,23,grid16_6_5.jpeg,img1,Img2,grid16_6_2.jpeg,grid32_6_2.jpeg,41:30:098,41:30:099
rrmxj,3/11/19,16:34,24,grid6_6_4.jpeg,img1,Img2,grid6_6_2.jpeg,grid27_6_2.jpeg,41:37:300,41:37:305
rrmxj,3/11/19,16:34,25,grid10_6_6.jpeg,img1,Img2,grid10_6_5.jpeg,grid37_6_5.jpeg,41:42:321,41:42:323
rrmxj,3/11/19,16:34,26,grid21_6_6.jpeg,img1,Img2,grid21_6_3.jpeg,grid5_6_3.jpeg,41:47:539,41:47:540
rrmxj,3/11/19,16:34,27,grid22_6_3.jpeg,img2,Img2,grid22_6_4.jpeg,grid30_6_4.jpeg,41:56:448,41:56:449
rrmxj,3/11/19,16:34,28,grid28_6_4.jpeg,img1,Img1,grid28_6_3.jpeg,grid8_6_3.jpeg,42:01:657,42:01:658
rrmxj,3/11/19,16:34,29,grid23_6_3.jpeg,img1,Img1,grid23_6_4.jpeg,grid20_6_4.jpeg,42:07:228,42:07:230
rrmxj,3/11/19,16:34,30,grid7_6_4.jpeg,img1,Img1,grid23_6_4.jpeg,grid20_6_4.jpeg,42:12:759,42:12:763
rrmxj,3/11/19,16:34,31,grid35_6_3.jpeg,img1,Img2,grid35_6_4.jpeg,grid18_6_4.jpeg,42:19:207,42:19:209
rrmxj,3/11/19,16:34,32,grid25_6_6.jpeg,img1,Img1,grid25_6_4.jpeg,grid37_6_4.jpeg,42:25:990,42:25:990
rrmxj,3/11/19,16:34,33,grid15_6_4.jpeg,img2,Img1,grid15_6_1.jpeg,grid31_6_1.jpeg,42:32:144,42:32:146
rrmxj,3/11/19,16:34,34,grid40_6_1.jpeg,img2,Img2,grid40_6_2.jpeg,grid16_6_2.jpeg,42:41:142,42:41:143
rrmxj,3/11/19,16:34,35,grid23_6_2.jpeg,img1,Img2,grid40_6_2.jpeg,grid16_6_2.jpeg,42:48:971,42:48:973
rrmxj,3/11/19,16:34,36,grid28_6_6.jpeg,img2,Img2,grid28_6_5.jpeg,grid35_6_5.jpeg,42:54:570,42:54:574
rrmxj,3/11/19,16:34,37,grid16_6_4.jpeg,img2,Img2,grid16_6_5.jpeg,grid22_6_5.jpeg,42:59:937,42:59:938
rrmxj,3/11/19,16:34,38,grid32_6_1.jpeg,img1,Img1,grid32_6_6.jpeg,grid37_6_6.jpeg,43:05:394,43:05:395
rrmxj,3/11/19,16:34,39,grid31_6_2.jpeg,img2,Img1,grid31_6_3.jpeg,grid2_6_3.jpeg,43:11:365,43:11:366
rrmxj,3/11/19,16:34,40,grid3_6_6.jpeg,img2,Img1,grid3_6_4.jpeg,grid12_6_4.jpeg,43:17:403,43:17:404
mzxqf,3/11/19,18:43,1,grid6_6_3.jpeg,img2,Img2,grid6_6_6.jpeg,grid21_6_6.jpeg,43:24:855,0
mzxqf,3/11/19,18:43,2,grid9_6_4.jpeg,img1,Img1,grid9_6_3.jpeg,grid11_6_3.jpeg,43:29:377,43:29:378
mzxqf,3/11/19,18:43,3,grid18_6_1.jpeg,img2,Img1,grid18_6_2.jpeg,grid17_6_2.jpeg,43:34:080,43:34:081
mzxqf,3/11/19,18:43,4,grid37_6_2.jpeg,img2,Img2,grid37_6_3.jpeg,grid12_6_3.jpeg,43:39:169,43:39:170
mzxqf,3/11/19,18:43,5,grid36_6_5.jpeg,img1,Img2,grid36_6_1.jpeg,grid38_6_1.jpeg,43:43:917,43:43:918
mzxqf,3/11/19,18:43,6,grid2_6_5.jpeg,img2,Img1,grid2_6_2.jpeg,grid32_6_2.jpeg,43:47:532,43:47:533
mzxqf,3/11/19,18:43,7,grid9_6_5.jpeg,img2,Img1,grid9_6_6.jpeg,grid41_6_6.jpeg,43:51:511,43:51:511
mzxqf,3/11/19,18:43,8,grid2_6_4.jpeg,img2,Img2,grid2_6_3.jpeg,grid4_6_3.jpeg,43:55:520,43:55:521
mzxqf,3/11/19,18:43,9,grid6_6_4.jpeg,img2,Img1,grid6_6_2.jpeg,grid17_6_2.jpeg,43:59:617,43:59:618
mzxqf,3/11/19,18:43,10,grid10_6_3.jpeg,img1,Img1,grid6_6_2.jpeg,grid17_6_2.jpeg,44:03:595,44:03:596
mzxqf,3/11/19,18:43,11,grid22_6_5.jpeg,img1,Img2,grid22_6_2.jpeg,grid28_6_2.jpeg,44:07:735,44:07:736
mzxqf,3/11/19,18:43,12,grid10_6_6.jpeg,img1,Img2,grid10_6_5.jpeg,grid25_6_5.jpeg,44:12:025,44:12:027
mzxqf,3/11/19,18:43,13,grid19_6_3.jpeg,img2,Img2,grid19_6_5.jpeg,grid41_6_5.jpeg,44:16:002,44:16:003
mzxqf,3/11/19,18:43,14,grid36_6_3.jpeg,img1,Img1,grid36_6_4.jpeg,grid32_6_4.jpeg,44:19:771,44:19:772
mzxqf,3/11/19,18:43,15,grid28_6_4.jpeg,img2,Img1,grid28_6_1.jpeg,grid29_6_1.jpeg,44:24:206,44:24:207
mzxqf,3/11/19,18:43,16,grid19_6_2.jpeg,img1,Img2,grid19_6_4.jpeg,grid5_6_4.jpeg,44:28:120,44:28:121
mzxqf,3/11/19,18:43,17,grid4_6_6.jpeg,img1,Img1,grid4_6_2.jpeg,grid5_6_2.jpeg,44:32:085,44:32:086
mzxqf,3/11/19,18:43,18,grid17_6_4.jpeg,img1,Img2,grid17_6_2.jpeg,grid27_6_2.jpeg,44:36:009,44:36:010
mzxqf,3/11/19,18:43,19,grid20_6_1.jpeg,img2,Img2,grid20_6_4.jpeg,grid13_6_4.jpeg,44:39:941,44:39:942
mzxqf,3/11/19,18:43,20,grid25_6_1.jpeg,img2,Img2,grid20_6_4.jpeg,grid13_6_4.jpeg,44:43:920,44:43:922
mzxqf,3/11/19,18:43,21,grid9_6_1.jpeg,img1,Img1,grid9_6_2.jpeg,grid4_6_2.jpeg,44:47:852,44:47:853
mzxqf,3/11/19,18:43,22,grid14_6_2.jpeg,img1,Img2,grid14_6_6.jpeg,grid22_6_6.jpeg,44:51:939,44:51:940
mzxqf,3/11/19,18:43,23,grid33_6_4.jpeg,img2,Img2,grid33_6_3.jpeg,grid21_6_3.jpeg,44:57:147,44:57:148
mzxqf,3/11/19,18:43,24,grid6_6_1.jpeg,img1,Img1,grid6_6_4.jpeg,grid25_6_4.jpeg,45:02:267,45:02:268
mzxqf,3/11/19,18:43,25,grid15_6_5.jpeg,img1,Img1,grid15_6_4.jpeg,grid27_6_4.jpeg,45:07:760,45:07:761
mzxqf,3/11/19,18:43,26,grid23_6_5.jpeg,img1,Img2,grid23_6_4.jpeg,grid14_6_4.jpeg,45:13:022,45:13:023
mzxqf,3/11/19,18:43,27,grid25_6_5.jpeg,img1,Img1,grid25_6_3.jpeg,grid23_6_3.jpeg,45:17:782,45:17:783
mzxqf,3/11/19,18:43,28,grid25_6_4.jpeg,img2,Img1,grid25_6_6.jpeg,grid12_6_6.jpeg,45:22:947,45:22:948
mzxqf,3/11/19,18:43,29,grid5_6_5.jpeg,img1,Img2,grid5_6_6.jpeg,grid11_6_6.jpeg,45:29:311,45:29:311
mzxqf,3/11/19,18:43,30,grid13_6_2.jpeg,img1,Img2,grid5_6_6.jpeg,grid11_6_6.jpeg,45:35:041,45:35:043
mzxqf,3/11/19,18:43,31,grid3_6_1.jpeg,img2,Img2,grid3_6_2.jpeg,grid15_6_2.jpeg,45:42:094,45:42:095
mzxqf,3/11/19,18:43,32,grid15_6_1.jpeg,img2,Img1,grid15_6_2.jpeg,grid32_6_2.jpeg,45:48:751,45:48:752
mzxqf,3/11/19,18:43,33,grid16_6_2.jpeg,img2,Img2,grid16_6_1.jpeg,grid13_6_1.jpeg,45:52:970,45:52:971
mzxqf,3/11/19,18:43,34,grid21_6_4.jpeg,img2,Img1,grid21_6_3.jpeg,grid16_6_3.jpeg,45:58:646,45:58:647
mzxqf,3/11/19,18:43,35,grid4_6_2.jpeg,img1,Img1,grid21_6_3.jpeg,grid16_6_3.jpeg,46:03:113,46:03:114
mzxqf,3/11/19,18:43,36,grid32_6_3.jpeg,img2,Img1,grid32_6_1.jpeg,grid11_6_1.jpeg,46:08:005,46:08:006
mzxqf,3/11/19,18:43,37,grid7_6_3.jpeg,img1,Img2,grid7_6_1.jpeg,grid8_6_1.jpeg,46:14:044,46:14:045
mzxqf,3/11/19,18:43,38,grid37_6_5.jpeg,img1,Img2,grid37_6_6.jpeg,grid35_6_6.jpeg,46:19:720,46:19:721
mzxqf,3/11/19,18:43,39,grid23_6_3.jpeg,img2,Img1,grid23_6_6.jpeg,grid31_6_6.jpeg,46:25:200,46:25:201
mzxqf,3/11/19,18:43,40,grid23_6_2.jpeg,img2,Img1,grid23_6_5.jpeg,grid34_6_5.jpeg,46:29:865,46:29:866
ziwehamf,3/11/19,18:01,1,grid38_6_3.jpeg,img2,Img2,grid38_6_4.jpeg,grid39_6_4.jpeg,0.08912037,0
ziwehamf,3/11/19,18:01,2,grid15_6_2.jpeg,img2,Img1,grid15_6_1.jpeg,grid11_6_1.jpeg,0.097395833,0.097430556
tpj,3/11/19,15:54,1,grid8_6_2.jpeg,img2,Img1,grid8_6_1.jpeg,grid22_6_1.jpeg,55:20:508,0
tpj,3/11/19,15:54,2,grid22_6_1.jpeg,img2,Img2,grid22_6_3.jpeg,grid34_6_3.jpeg,55:40:814,55:40:819
tpj,3/11/19,15:54,3,grid15_6_1.jpeg,img1,Img2,grid15_6_2.jpeg,grid28_6_2.jpeg,55:49:937,55:49:953
zumi,3/11/19,15:56,1,grid33_6_6.jpeg,img1,Img1,grid33_6_5.jpeg,grid35_6_5.jpeg,56:43:936,0
zumi,3/11/19,15:56,2,grid11_6_4.jpeg,img1,Img1,grid11_6_6.jpeg,grid9_6_6.jpeg,56:52:070,56:52:077
zumi,3/11/19,15:56,3,grid15_6_4.jpeg,img2,Img2,grid15_6_5.jpeg,grid32_6_5.jpeg,57:01:883,57:01:884
zumi,3/11/19,15:56,4,grid5_6_4.jpeg,img1,Img2,grid5_6_2.jpeg,grid38_6_2.jpeg,57:07:169,57:07:172
zumi,3/11/19,15:56,5,grid39_6_2.jpeg,img1,Img2,grid39_6_3.jpeg,grid21_6_3.jpeg,57:11:937,57:11:939
zumi,3/11/19,15:56,6,grid41_6_6.jpeg,img2,Img1,grid41_6_4.jpeg,grid39_6_4.jpeg,57:31:141,57:31:150
zumi,3/11/19,15:56,7,grid15_6_6.jpeg,img1,Img2,grid15_6_3.jpeg,grid38_6_3.jpeg,58:24:933,58:24:940
zumi,3/11/19,15:56,8,grid3_6_5.jpeg,img2,Img2,grid3_6_1.jpeg,grid40_6_1.jpeg,58:30:072,58:30:087
zumi,3/11/19,15:56,9,grid29_6_2.jpeg,img1,Img2,grid29_6_3.jpeg,grid16_6_3.jpeg,59:22:194,59:22:199
zumi,3/11/19,15:56,10,grid31_6_5.jpeg,img1,Img2,grid29_6_3.jpeg,grid16_6_3.jpeg,59:26:977,59:26:977
zumi,3/11/19,15:56,11,grid17_6_3.jpeg,img1,Img2,grid17_6_5.jpeg,grid27_6_5.jpeg,59:32:072,59:32:076
zumi,3/11/19,15:56,12,grid31_6_3.jpeg,img2,Img1,grid31_6_1.jpeg,grid29_6_1.jpeg,59:38:498,59:38:513
zumi,3/11/19,15:56,13,grid6_6_2.jpeg,img1,Img1,grid6_6_3.jpeg,grid41_6_3.jpeg,59:42:298,59:42:308
zumi,3/11/19,15:56,14,grid22_6_6.jpeg,img2,Img2,grid22_6_2.jpeg,grid28_6_2.jpeg,59:53:356,59:53:358
kccrxn,3/11/19,19:00,1,grid38_6_3.jpeg,img1,Img2,grid38_6_2.jpeg,grid39_6_2.jpeg,0.036053241,0
zumi,3/11/19,15:56,15,grid35_6_2.jpeg,img1,Img2,grid35_6_6.jpeg,grid2_6_6.jpeg,0.006921296,0.007048611
zumi,3/11/19,15:56,16,grid8_6_3.jpeg,img1,Img2,grid8_6_1.jpeg,grid9_6_1.jpeg,0.007638889,0.007777778
kccrxn,3/11/19,19:00,2,grid21_6_1.jpeg,img2,Img2,grid21_6_2.jpeg,grid4_6_2.jpeg,0.049814815,0.049849537
zumi,3/11/19,15:56,17,grid12_6_4.jpeg,img1,Img1,grid12_6_2.jpeg,grid18_6_2.jpeg,0.014085648,0.014247685
zumi,3/11/19,15:56,18,grid23_6_6.jpeg,img2,Img1,grid23_6_3.jpeg,grid12_6_3.jpeg,0.017407407,0.0175
zumi,3/11/19,15:56,19,grid27_6_1.jpeg,img1,Img1,grid27_6_5.jpeg,grid28_6_5.jpeg,0.01505787,0.015092593
kccrxn,3/11/19,19:00,3,grid37_6_6.jpeg,img2,Img2,grid37_6_3.jpeg,grid30_6_3.jpeg,01:05:074,01:05:077
zumi,3/11/19,15:56,20,grid39_6_5.jpeg,img2,Img1,grid27_6_5.jpeg,grid28_6_5.jpeg,0.01869213,0.018773148
zumi,3/11/19,15:56,21,grid15_6_5.jpeg,img1,Img1,grid15_6_4.jpeg,grid2_6_4.jpeg,0.021805556,0.021863426
kccrxn,3/11/19,19:00,4,grid5_6_6.jpeg,img2,Img1,grid5_6_5.jpeg,grid29_6_5.jpeg,0.064849537,0.064895833
zumi,3/11/19,15:56,22,grid17_6_2.jpeg,img1,Img1,grid17_6_1.jpeg,grid12_6_1.jpeg,0.025474537,0.025671296
zumi,3/11/19,15:56,23,grid7_6_3.jpeg,img1,Img1,grid7_6_2.jpeg,grid28_6_2.jpeg,0.035891204,0.036064815
zumi,3/11/19,15:56,24,grid2_6_2.jpeg,img2,Img1,grid2_6_1.jpeg,grid32_6_1.jpeg,0.031215278,0.031273148
kccrxn,3/11/19,19:00,5,grid32_6_5.jpeg,img1,Img2,grid32_6_3.jpeg,grid22_6_3.jpeg,0.065416667,0.065439815
zumi,3/11/19,15:56,25,grid14_6_6.jpeg,img1,Img2,grid14_6_4.jpeg,grid21_6_4.jpeg,0.040868056,0.040868056
kccrxn,3/11/19,19:00,6,grid34_6_6.jpeg,img2,Img1,grid34_6_5.jpeg,grid41_6_5.jpeg,0.074421296,0.074444444
zumi,3/11/19,15:56,26,grid22_6_3.jpeg,img2,Img2,grid22_6_1.jpeg,grid16_6_1.jpeg,00:51:077,00:51:093
zumi,3/11/19,15:56,27,grid12_6_5.jpeg,img1,Img1,grid12_6_3.jpeg,grid20_6_3.jpeg,0.047962963,0.04818287
zumi,3/11/19,15:56,28,grid31_6_6.jpeg,img2,Img1,grid31_6_4.jpeg,grid6_6_4.jpeg,0.049409722,0.049409722
kccrxn,3/11/19,19:00,7,grid4_6_2.jpeg,img1,Img1,grid4_6_5.jpeg,grid24_6_5.jpeg,0.079652778,0.079675926
zumi,3/11/19,15:56,29,grid25_6_1.jpeg,img1,Img1,grid25_6_2.jpeg,grid34_6_2.jpeg,0.055509259,0.055694444
kccrxn,3/11/19,19:00,8,grid35_6_5.jpeg,img2,Img1,grid35_6_3.jpeg,grid21_6_3.jpeg,0.093344907,0.09337963
zumi,3/11/19,15:56,30,grid9_6_4.jpeg,img2,Img1,grid25_6_2.jpeg,grid34_6_2.jpeg,0.056053241,0.056215278
zumi,3/11/19,15:56,31,grid17_6_4.jpeg,img1,Img2,grid17_6_5.jpeg,grid29_6_5.jpeg,0.057233796,0.057372685
kccrxn,3/11/19,19:00,9,grid12_6_4.jpeg,img1,Img1,grid12_6_5.jpeg,grid23_6_5.jpeg,0.091793981,0.091828704
zumi,3/11/19,15:56,32,grid10_6_5.jpeg,img2,Img1,grid10_6_1.jpeg,grid30_6_1.jpeg,0.05806713,0.05806713
kccrxn,3/11/19,19:00,10,grid36_6_5.jpeg,img1,Img1,grid12_6_5.jpeg,grid23_6_5.jpeg,0.10056713,0.100613426
zumi,3/11/19,15:56,33,grid4_6_6.jpeg,img1,Img2,grid4_6_1.jpeg,grid41_6_1.jpeg,0.069907407,0.069953704
zumi,3/11/19,15:56,34,grid17_6_6.jpeg,img2,Img2,grid17_6_2.jpeg,grid24_6_2.jpeg,0.072662037,0.072662037
zumi,3/11/19,15:56,35,grid12_6_1.jpeg,img1,Img2,grid17_6_2.jpeg,grid24_6_2.jpeg,0.068206019,0.068240741
kccrxn,3/11/19,19:00,11,grid26_6_1.jpeg,img2,Img2,grid26_6_4.jpeg,grid9_6_4.jpeg,0.10068287,0.100717593
zumi,3/11/19,15:56,36,grid14_6_1.jpeg,img1,Img2,grid14_6_3.jpeg,grid18_6_3.jpeg,0.072546296,0.072546296
jfhit,3/11/19,18:00,1,grid19_6_2.jpeg,img1,Img2,grid19_6_4.jpeg,grid21_6_4.jpeg,0.077858796,0
zumi,3/11/19,15:56,37,grid2_6_4.jpeg,img1,Img1,grid2_6_3.jpeg,grid10_6_3.jpeg,0.074212963,0.074375
zumi,3/11/19,15:56,38,grid6_6_5.jpeg,img1,Img2,grid6_6_6.jpeg,grid19_6_6.jpeg,0.075578704,0.075648148
jfhit,3/11/19,18:00,2,grid18_6_2.jpeg,img2,Img1,grid18_6_3.jpeg,grid11_6_3.jpeg,0.076226852,0.076238426
kccrxn,3/11/19,19:00,12,grid26_6_6.jpeg,img1,Img2,grid26_6_4.jpeg,grid25_6_4.jpeg,0.118981481,0.11900463
zumi,3/11/19,15:56,39,grid41_6_3.jpeg,img2,Img2,grid41_6_4.jpeg,grid13_6_4.jpeg,0.078263889,0.078391204
jfhit,3/11/19,18:00,3,grid7_6_4.jpeg,img1,Img2,grid7_6_2.jpeg,grid5_6_2.jpeg,01:51:085,01:51:086
zumi,3/11/19,15:56,40,grid13_6_2.jpeg,img1,Img1,grid13_6_4.jpeg,grid28_6_4.jpeg,01:54:052,01:54:052
kccrxn,3/11/19,19:00,13,grid25_6_6.jpeg,img2,Img2,grid25_6_5.jpeg,grid22_6_5.jpeg,0.121331019,0.121377315
jfhit,3/11/19,18:00,4,grid15_6_3.jpeg,img2,Img2,grid15_6_4.jpeg,grid41_6_4.jpeg,0.087233796,0.08724537
kccrxn,3/11/19,19:00,14,grid31_6_3.jpeg,img2,Img2,grid31_6_5.jpeg,grid2_6_5.jpeg,0.126909722,0.12693287
jfhit,3/11/19,18:00,5,grid8_6_1.jpeg,img1,Img1,grid8_6_3.jpeg,grid20_6_3.jpeg,0.087094907,0.087106481
jfhit,3/11/19,18:00,6,grid6_6_3.jpeg,img1,Img2,grid6_6_4.jpeg,grid40_6_4.jpeg,0.09625,0.096261574
kccrxn,3/11/19,19:00,15,grid5_6_5.jpeg,img1,Img1,grid5_6_2.jpeg,grid22_6_2.jpeg,0.129085648,0.129097222
jfhit,3/11/19,18:00,7,grid23_6_3.jpeg,img2,Img1,grid23_6_6.jpeg,grid14_6_6.jpeg,0.103599537,0.103657407
kccrxn,3/11/19,19:00,16,grid24_6_6.jpeg,img2,Img1,grid24_6_5.jpeg,grid8_6_5.jpeg,0.13412037,0.134131944
jfhit,3/11/19,18:00,8,grid28_6_4.jpeg,img2,Img2,grid28_6_6.jpeg,grid17_6_6.jpeg,0.110127315,0.110150463
jfhit,3/11/19,18:00,9,grid7_6_1.jpeg,img1,Img1,grid7_6_4.jpeg,grid40_6_4.jpeg,0.106412037,0.106423611
kccrxn,3/11/19,19:00,17,grid3_6_6.jpeg,img1,Img1,grid3_6_3.jpeg,grid16_6_3.jpeg,0.141979167,0.142013889
jfhit,3/11/19,18:00,10,grid36_6_1.jpeg,img1,Img1,grid7_6_4.jpeg,grid40_6_4.jpeg,02:34:051,02:34:052
jfhit,3/11/19,18:00,11,grid26_6_6.jpeg,img1,Img2,grid26_6_5.jpeg,grid32_6_5.jpeg,0.114988426,0.114988426
kccrxn,3/11/19,19:00,18,grid18_6_5.jpeg,img1,Img1,grid18_6_2.jpeg,grid36_6_2.jpeg,0.150532407,0.150543981
jfhit,3/11/19,18:00,12,grid31_6_4.jpeg,img1,Img1,grid31_6_5.jpeg,grid10_6_5.jpeg,0.117546296,0.11755787
jfhit,3/11/19,18:00,13,grid10_6_1.jpeg,img1,Img1,grid10_6_6.jpeg,grid2_6_6.jpeg,0.120335648,0.120347222
kccrxn,3/11/19,19:00,19,grid9_6_1.jpeg,img2,Img2,grid9_6_3.jpeg,grid11_6_3.jpeg,0.157789352,0.1578125
jfhit,3/11/19,18:00,14,grid13_6_5.jpeg,img2,Img1,grid13_6_4.jpeg,grid34_6_4.jpeg,0.1259375,0.125949074
kccrxn,3/11/19,19:00,20,grid41_6_2.jpeg,img1,Img2,grid9_6_3.jpeg,grid11_6_3.jpeg,03:47:014,03:47:017
jfhit,3/11/19,18:00,15,grid35_6_3.jpeg,img2,Img1,grid35_6_5.jpeg,grid39_6_5.jpeg,0.132268519,0.132280093
jfhit,3/11/19,18:00,16,grid21_6_1.jpeg,img1,Img1,grid21_6_2.jpeg,grid40_6_2.jpeg,0.12787037,0.127881944
jfhit,3/11/19,18:00,17,grid25_6_1.jpeg,img1,Img1,grid25_6_3.jpeg,grid10_6_3.jpeg,0.130625,0.130648148
kccrxn,3/11/19,19:00,21,grid8_6_2.jpeg,img1,Img1,grid8_6_5.jpeg,grid20_6_5.jpeg,0.162789352,0.162800926
jfhit,3/11/19,18:00,18,grid27_6_2.jpeg,img2,Img1,grid27_6_1.jpeg,grid39_6_1.jpeg,0.136111111,0.136122685
jfhit,3/11/19,18:00,19,grid24_6_5.jpeg,img2,Img2,grid24_6_3.jpeg,grid16_6_3.jpeg,0.145046296,0.145046296
kccrxn,3/11/19,19:00,22,grid30_6_5.jpeg,img2,Img2,grid30_6_1.jpeg,grid40_6_1.jpeg,0.177731481,0.177743056
jfhit,3/11/19,18:00,20,grid35_6_2.jpeg,img1,Img2,grid24_6_3.jpeg,grid16_6_3.jpeg,0.151076389,0.151087963
kccrxn,3/11/19,19:00,23,grid15_6_6.jpeg,img1,Img2,grid15_6_5.jpeg,grid26_6_5.jpeg,0.190150463,0.190173611
ffltm,3/11/19,16:02,1,grid23_6_3.jpeg,img1,Img1,grid23_6_4.jpeg,grid29_6_4.jpeg,0.139305556,0
jfhit,3/11/19,18:00,21,grid36_6_5.jpeg,img2,Img2,grid36_6_1.jpeg,grid13_6_1.jpeg,0.148634259,0.148645833
kccrxn,3/11/19,19:00,24,grid28_6_3.jpeg,img1,Img2,grid28_6_5.jpeg,grid31_6_5.jpeg,0.19462963,0.194664352
jfhit,3/11/19,18:00,22,grid41_6_2.jpeg,img2,Img1,grid41_6_3.jpeg,grid12_6_3.jpeg,0.154768519,0.154780093
jfhit,3/11/19,18:00,23,grid19_6_6.jpeg,img1,Img1,grid19_6_4.jpeg,grid27_6_4.jpeg,0.157465278,0.157476852
kccrxn,3/11/19,19:00,25,grid33_6_2.jpeg,img1,Img1,grid33_6_6.jpeg,grid7_6_6.jpeg,0.193113426,0.193136574
jfhit,3/11/19,18:00,24,grid21_6_4.jpeg,img1,Img2,grid21_6_5.jpeg,grid28_6_5.jpeg,0.161689815,0.161689815
ffltm,3/11/19,16:02,2,grid4_6_4.jpeg,img2,Img2,grid4_6_3.jpeg,grid12_6_3.jpeg,0.154039352,0.154039352
jfhit,3/11/19,18:00,25,grid27_6_5.jpeg,img1,Img1,grid27_6_6.jpeg,grid23_6_6.jpeg,0.170763889,0.170763889
kccrxn,3/11/19,19:00,26,grid6_6_2.jpeg,img2,Img1,grid6_6_6.jpeg,grid35_6_6.jpeg,0.19900463,0.199039352
jfhit,3/11/19,18:00,26,grid34_6_3.jpeg,img2,Img1,grid34_6_1.jpeg,grid14_6_1.jpeg,0.173611111,0.173622685
kccrxn,3/11/19,19:00,27,grid15_6_1.jpeg,img1,Img1,grid15_6_2.jpeg,grid3_6_2.jpeg,0.211481481,0.211539352
jfhit,3/11/19,18:00,27,grid36_6_2.jpeg,img1,Img2,grid36_6_1.jpeg,grid12_6_1.jpeg,0.168217593,0.168240741
jfhit,3/11/19,18:00,28,grid24_6_6.jpeg,img2,Img2,grid24_6_1.jpeg,grid19_6_1.jpeg,0.172777778,0.172789352
kccrxn,3/11/19,19:00,28,grid21_6_2.jpeg,img1,Img1,grid21_6_3.jpeg,grid15_6_3.jpeg,0.216770833,0.216805556
jfhit,3/11/19,18:00,29,grid41_6_5.jpeg,img2,Img2,grid41_6_3.jpeg,grid29_6_3.jpeg,0.179409722,0.179421296
ffltm,3/11/19,16:02,3,grid2_6_1.jpeg,img2,Img2,grid2_6_2.jpeg,grid12_6_2.jpeg,0.162824074,0.162835648
kccrxn,3/11/19,19:00,29,grid4_6_5.jpeg,img1,Img1,grid4_6_4.jpeg,grid13_6_4.jpeg,0.217222222,0.217233796
jfhit,3/11/19,18:00,30,grid41_6_3.jpeg,img1,Img2,grid41_6_3.jpeg,grid29_6_3.jpeg,0.179456019,0.179467593
jfhit,3/11/19,18:00,31,grid17_6_4.jpeg,img1,Img2,grid17_6_6.jpeg,grid22_6_6.jpeg,0.183796296,0.18380787
kccrxn,3/11/19,19:00,30,grid32_6_6.jpeg,img1,Img1,grid4_6_4.jpeg,grid13_6_4.jpeg,0.218877315,0.218923611
ffltm,3/11/19,16:02,4,grid20_6_3.jpeg,img1,Img1,grid20_6_4.jpeg,grid26_6_4.jpeg,0.183344907,0.183344907
jfhit,3/11/19,18:00,32,grid13_6_4.jpeg,img2,Img1,grid13_6_6.jpeg,grid14_6_6.jpeg,0.183275463,0.183287037
kccrxn,3/11/19,19:00,31,grid22_6_4.jpeg,img1,Img1,grid22_6_5.jpeg,grid16_6_5.jpeg,0.228310185,0.228333333
jfhit,3/11/19,18:00,33,grid11_6_6.jpeg,img2,Img2,grid11_6_3.jpeg,grid30_6_3.jpeg,0.192777778,0.192789352
ffltm,3/11/19,16:02,5,grid28_6_6.jpeg,img2,Img2,grid28_6_1.jpeg,grid9_6_1.jpeg,0.191863426,0.191875
jfhit,3/11/19,18:00,34,grid16_6_3.jpeg,img2,Img1,grid16_6_4.jpeg,grid22_6_4.jpeg,0.196203704,0.196284722
jfhit,3/11/19,18:00,35,grid4_6_2.jpeg,img1,Img1,grid16_6_4.jpeg,grid22_6_4.jpeg,0.19337963,0.193391204
kccrxn,3/11/19,19:00,32,grid31_6_5.jpeg,img2,Img2,grid31_6_4.jpeg,grid32_6_4.jpeg,05:25:028,05:25:031
jfhit,3/11/19,18:00,36,grid39_6_1.jpeg,img2,Img1,grid39_6_2.jpeg,grid5_6_2.jpeg,0.195671296,0.19568287
jfhit,3/11/19,18:00,37,grid3_6_3.jpeg,img1,Img1,grid3_6_5.jpeg,grid18_6_5.jpeg,0.207824074,0.207824074
kccrxn,3/11/19,19:00,33,grid3_6_3.jpeg,img1,Img2,grid3_6_2.jpeg,grid23_6_2.jpeg,0.242534722,0.242569444
ffltm,3/11/19,16:02,6,grid13_6_5.jpeg,img2,Img2,grid13_6_6.jpeg,grid18_6_6.jpeg,04:32:091,04:32:092
jfhit,3/11/19,18:00,38,grid4_6_5.jpeg,img2,Img2,grid4_6_3.jpeg,grid17_6_3.jpeg,0.204814815,0.204826389
ffltm,3/11/19,16:02,7,grid28_6_5.jpeg,img1,Img1,grid28_6_1.jpeg,grid25_6_1.jpeg,04:50:048,04:50:048
kccrxn,3/11/19,19:00,34,grid37_6_1.jpeg,img2,Img2,grid37_6_2.jpeg,grid35_6_2.jpeg,0.243645833,0.243668981
jfhit,3/11/19,18:00,39,grid12_6_1.jpeg,img2,Img2,grid12_6_2.jpeg,grid31_6_2.jpeg,0.213159722,0.21318287
kccrxn,3/11/19,19:00,35,grid25_6_2.jpeg,img1,Img2,grid37_6_2.jpeg,grid35_6_2.jpeg,0.248344907,0.248391204
jfhit,3/11/19,18:00,40,grid30_6_1.jpeg,img1,Img1,grid30_6_6.jpeg,grid15_6_6.jpeg,0.215243056,0.21525463
kccrxn,3/11/19,19:00,36,grid20_6_3.jpeg,img2,Img2,grid20_6_2.jpeg,grid26_6_2.jpeg,0.256261574,0.256296296
ffltm,3/11/19,16:02,8,grid31_6_1.jpeg,img2,Img1,grid31_6_3.jpeg,grid11_6_3.jpeg,0.214884259,0.214884259
ffltm,3/11/19,16:02,9,grid11_6_4.jpeg,img2,Img2,grid11_6_5.jpeg,grid4_6_5.jpeg,0.224375,0.224386574
kccrxn,3/11/19,19:00,37,grid14_6_6.jpeg,img2,Img1,grid14_6_3.jpeg,grid9_6_3.jpeg,0.262546296,0.26255787
ffltm,3/11/19,16:02,10,grid9_6_5.jpeg,img1,Img2,grid11_6_5.jpeg,grid4_6_5.jpeg,0.230208333,0.230219907
kccrxn,3/11/19,19:00,38,grid7_6_1.jpeg,img1,Img1,grid7_6_5.jpeg,grid16_6_5.jpeg,0.263634259,0.263657407
kccrxn,3/11/19,19:00,39,grid26_6_4.jpeg,img1,Img2,grid26_6_2.jpeg,grid15_6_2.jpeg,0.267141204,0.267152778
kccrxn,3/11/19,19:00,40,grid19_6_4.jpeg,img1,Img2,grid19_6_2.jpeg,grid12_6_2.jpeg,0.281979167,0.282002315
ffltm,3/11/19,16:02,11,grid24_6_2.jpeg,img1,Img1,grid24_6_3.jpeg,grid21_6_3.jpeg,0.234525463,0.234525463
ffltm,3/11/19,16:02,12,grid36_6_4.jpeg,img1,Img1,grid36_6_5.jpeg,grid19_6_5.jpeg,0.246655093,0.246666667
ffltm,3/11/19,16:02,13,grid24_6_3.jpeg,img2,Img1,grid24_6_4.jpeg,grid25_6_4.jpeg,0.255486111,0.255486111
ffltm,3/11/19,16:02,14,grid7_6_2.jpeg,img2,Img2,grid7_6_3.jpeg,grid22_6_3.jpeg,0.270277778,0.270277778
ffltm,3/11/19,16:02,15,grid20_6_1.jpeg,img2,Img2,grid20_6_5.jpeg,grid29_6_5.jpeg,0.275393519,0.275393519
ffltm,3/11/19,16:02,16,grid35_6_3.jpeg,img2,Img2,grid35_6_5.jpeg,grid6_6_5.jpeg,0.278773148,0.278784722
ffltm,3/11/19,16:02,17,grid20_6_2.jpeg,img1,Img1,grid20_6_3.jpeg,grid31_6_3.jpeg,06:34:035,06:34:035
ffltm,3/11/19,16:02,18,grid14_6_3.jpeg,img1,Img1,grid14_6_6.jpeg,grid3_6_6.jpeg,0.283969907,0.283969907
ffltm,3/11/19,16:02,19,grid2_6_2.jpeg,img2,Img2,grid2_6_3.jpeg,grid27_6_3.jpeg,0.287372685,0.287372685
ffltm,3/11/19,16:02,20,grid30_6_1.jpeg,img1,Img2,grid2_6_3.jpeg,grid27_6_3.jpeg,0.289872685,0.289872685
ffltm,3/11/19,16:02,21,grid5_6_2.jpeg,img2,Img2,grid5_6_3.jpeg,grid39_6_3.jpeg,0.297303241,0.297314815
ffltm,3/11/19,16:02,22,grid26_6_1.jpeg,img2,Img1,grid26_6_4.jpeg,grid38_6_4.jpeg,0.304918981,0.304930556
ffltm,3/11/19,16:02,23,grid6_6_2.jpeg,img2,Img2,grid6_6_3.jpeg,grid39_6_3.jpeg,0.310393519,0.310393519
ffltm,3/11/19,16:02,24,grid11_6_6.jpeg,img1,Img1,grid11_6_5.jpeg,grid41_6_5.jpeg,0.314236111,0.314236111
ffltm,3/11/19,16:02,25,grid41_6_6.jpeg,img1,Img2,grid41_6_2.jpeg,grid40_6_2.jpeg,0.32775463,0.327766204
ffltm,3/11/19,16:02,26,grid23_6_1.jpeg,img2,Img2,grid23_6_4.jpeg,grid12_6_4.jpeg,0.328819444,0.328831019
ffltm,3/11/19,16:02,27,grid36_6_3.jpeg,img2,Img2,grid36_6_4.jpeg,grid25_6_4.jpeg,0.336365741,0.336377315
ffltm,3/11/19,16:02,28,grid25_6_4.jpeg,img2,Img1,grid25_6_3.jpeg,grid3_6_3.jpeg,0.334456019,0.334456019
ffltm,3/11/19,16:02,29,grid33_6_1.jpeg,img1,Img2,grid33_6_2.jpeg,grid19_6_2.jpeg,0.341446759,0.341446759
ffltm,3/11/19,16:02,30,grid15_6_2.jpeg,img1,Img2,grid33_6_2.jpeg,grid19_6_2.jpeg,0.345659722,0.345659722
ffltm,3/11/19,16:02,31,grid6_6_5.jpeg,img2,Img1,grid6_6_6.jpeg,grid9_6_6.jpeg,0.348136574,0.348148148
ffltm,3/11/19,16:02,32,grid30_6_5.jpeg,img1,Img2,grid30_6_2.jpeg,grid17_6_2.jpeg,0.351354167,0.351365741
ffltm,3/11/19,16:02,33,grid16_6_2.jpeg,img1,Img2,grid16_6_1.jpeg,grid5_6_1.jpeg,0.359305556,0.359305556
ffltm,3/11/19,16:02,34,grid40_6_3.jpeg,img1,Img1,grid40_6_6.jpeg,grid2_6_6.jpeg,0.374166667,0.374166667
ffltm,3/11/19,16:02,36,grid8_6_3.jpeg,img1,Img2,grid8_6_6.jpeg,grid13_6_6.jpeg,0.383449074,0.383460648
ffltm,3/11/19,16:02,37,grid12_6_3.jpeg,img1,Img1,grid12_6_5.jpeg,grid22_6_5.jpeg,0.382766204,0.382766204
ffltm,3/11/19,16:02,38,grid7_6_1.jpeg,img1,Img1,grid7_6_6.jpeg,grid13_6_6.jpeg,0.398206019,0.398206019
ffltm,3/11/19,16:02,39,grid35_6_4.jpeg,img1,Img1,grid35_6_6.jpeg,grid13_6_6.jpeg,0.397071759,0.397071759
ffltm,3/11/19,16:02,40,grid27_6_1.jpeg,img2,Img2,grid27_6_6.jpeg,grid31_6_6.jpeg,0.409641204,0.409652778
pohjxgd,3/11/19,19:10,1,grid28_6_5.jpeg,img2,Img1,grid28_6_3.jpeg,grid24_6_3.jpeg,0.450532407,0
pohjxgd,3/11/19,19:10,2,grid16_6_4.jpeg,img1,Img1,grid16_6_6.jpeg,grid25_6_6.jpeg,0.455162037,0.455162037
pohjxgd,3/11/19,19:10,3,grid40_6_1.jpeg,img1,Img1,grid40_6_6.jpeg,grid38_6_6.jpeg,0.453935185,0.453935185
pohjxgd,3/11/19,19:10,4,grid15_6_2.jpeg,img2,Img1,grid15_6_1.jpeg,grid28_6_1.jpeg,0.453634259,0.453634259
pohjxgd,3/11/19,19:10,5,grid12_6_2.jpeg,img1,Img1,grid12_6_6.jpeg,grid7_6_6.jpeg,10:54:002,10:54:003
pohjxgd,3/11/19,19:10,6,grid14_6_5.jpeg,img2,Img2,grid14_6_3.jpeg,grid23_6_3.jpeg,0.461944444,0.461956019
pohjxgd,3/11/19,19:10,7,grid11_6_3.jpeg,img1,Img2,grid11_6_4.jpeg,grid22_6_4.jpeg,0.462893519,0.462905093
pohjxgd,3/11/19,19:10,8,grid41_6_5.jpeg,img2,Img2,grid41_6_3.jpeg,grid19_6_3.jpeg,0.47025463,0.47025463
pohjxgd,3/11/19,19:10,9,grid25_6_6.jpeg,img2,Img1,grid25_6_2.jpeg,grid19_6_2.jpeg,0.471550926,0.471550926
pohjxgd,3/11/19,19:10,10,grid39_6_6.jpeg,img1,Img1,grid25_6_2.jpeg,grid19_6_2.jpeg,0.476076389,0.476076389
pohjxgd,3/11/19,19:10,11,grid36_6_1.jpeg,img1,Img1,grid36_6_2.jpeg,grid21_6_2.jpeg,0.484050926,0.4840625
pohjxgd,3/11/19,19:10,12,grid22_6_5.jpeg,img2,Img2,grid22_6_2.jpeg,grid30_6_2.jpeg,0.4884375,0.4884375
pohjxgd,3/11/19,19:10,13,grid29_6_3.jpeg,img2,Img2,grid29_6_4.jpeg,grid25_6_4.jpeg,0.486215278,0.486215278
pohjxgd,3/11/19,19:10,14,grid18_6_3.jpeg,img1,Img1,grid18_6_1.jpeg,grid5_6_1.jpeg,0.493460648,0.493460648
pohjxgd,3/11/19,19:10,15,grid10_6_2.jpeg,img2,Img2,grid10_6_5.jpeg,grid18_6_5.jpeg,0.494212963,0.494224537
pohjxgd,3/11/19,19:10,16,grid14_6_1.jpeg,img2,Img2,grid14_6_6.jpeg,grid11_6_6.jpeg,0.495810185,0.495821759
pohjxgd,3/11/19,19:10,17,grid38_6_3.jpeg,img2,Img2,grid38_6_2.jpeg,grid28_6_2.jpeg,0.506550926,0.5065625
pohjxgd,3/11/19,19:10,18,grid29_6_2.jpeg,img2,Img1,grid29_6_3.jpeg,grid16_6_3.jpeg,0.504039352,0.504039352
pohjxgd,3/11/19,19:10,19,grid31_6_3.jpeg,img1,Img2,grid31_6_1.jpeg,grid28_6_1.jpeg,0.506793981,0.506793981
pohjxgd,3/11/19,19:10,20,grid30_6_3.jpeg,img1,Img2,grid31_6_1.jpeg,grid28_6_1.jpeg,0.509548611,0.509548611
pohjxgd,3/11/19,19:10,21,grid37_6_5.jpeg,img2,Img1,grid37_6_3.jpeg,grid13_6_3.jpeg,0.515416667,0.515428241
pohjxgd,3/11/19,19:10,22,grid18_6_5.jpeg,img1,Img2,grid18_6_6.jpeg,grid20_6_6.jpeg,0.521678241,0.521678241
pohjxgd,3/11/19,19:10,23,grid17_6_5.jpeg,img2,Img2,grid17_6_2.jpeg,grid34_6_2.jpeg,0.526770833,0.526770833
pohjxgd,3/11/19,19:10,24,grid39_6_4.jpeg,img1,Img2,grid39_6_3.jpeg,grid7_6_3.jpeg,0.522523148,0.522534722
pohjxgd,3/11/19,19:10,25,grid32_6_4.jpeg,img2,Img2,grid32_6_2.jpeg,grid33_6_2.jpeg,0.529699074,0.529710648
pohjxgd,3/11/19,19:10,26,grid32_6_3.jpeg,img1,Img2,grid32_6_4.jpeg,grid4_6_4.jpeg,0.536238426,0.536238426
pohjxgd,3/11/19,19:10,27,grid26_6_1.jpeg,img2,Img2,grid26_6_5.jpeg,grid13_6_5.jpeg,0.536342593,0.536354167
pohjxgd,3/11/19,19:10,28,grid19_6_5.jpeg,img1,Img2,grid19_6_3.jpeg,grid26_6_3.jpeg,0.540335648,0.540335648
pohjxgd,3/11/19,19:10,29,grid24_6_6.jpeg,img2,Img1,grid24_6_1.jpeg,grid29_6_1.jpeg,0.540104167,0.540104167
pohjxgd,3/11/19,19:10,30,grid32_6_6.jpeg,img1,Img1,grid24_6_1.jpeg,grid29_6_1.jpeg,0.544664352,0.544664352
pohjxgd,3/11/19,19:10,31,grid14_6_2.jpeg,img1,Img1,grid14_6_1.jpeg,grid25_6_1.jpeg,0.546655093,0.546655093
pohjxgd,3/11/19,19:10,32,grid21_6_3.jpeg,img2,Img2,grid21_6_5.jpeg,grid31_6_5.jpeg,0.554513889,0.554525463
mfefetic,3/11/19,19:28,1,grid18_6_4.jpeg,img1,Img2,grid18_6_5.jpeg,grid20_6_5.jpeg,29:12:576,0
pohjxgd,3/11/19,19:10,33,grid23_6_3.jpeg,img1,Img1,grid23_6_5.jpeg,grid10_6_5.jpeg,0.559375,0.559386574
pohjxgd,3/11/19,19:10,34,grid16_6_2.jpeg,img2,Img2,grid16_6_5.jpeg,grid10_6_5.jpeg,0.553333333,0.553344907
mfefetic,3/11/19,19:28,2,grid15_6_2.jpeg,img1,Img1,grid15_6_3.jpeg,grid23_6_3.jpeg,29:21:170,29:21:171
pohjxgd,3/11/19,19:10,35,grid4_6_3.jpeg,img1,Img2,grid16_6_5.jpeg,grid10_6_5.jpeg,0.564884259,0.564884259
pohjxgd,3/11/19,19:10,36,grid13_6_3.jpeg,img1,Img1,grid13_6_2.jpeg,grid41_6_2.jpeg,0.561967593,0.561967593
mfefetic,3/11/19,19:28,3,grid40_6_4.jpeg,img2,Img2,grid40_6_3.jpeg,grid6_6_3.jpeg,29:33:572,29:33:573
pohjxgd,3/11/19,19:10,37,grid13_6_5.jpeg,img1,Img2,grid13_6_3.jpeg,grid12_6_3.jpeg,0.570856481,0.570856481
mfefetic,3/11/19,19:28,4,grid6_6_5.jpeg,img1,Img1,grid6_6_6.jpeg,grid28_6_6.jpeg,29:41:636,29:41:637
pohjxgd,3/11/19,19:10,38,grid27_6_3.jpeg,img2,Img2,grid27_6_2.jpeg,grid30_6_2.jpeg,13:34:076,13:34:076
mfefetic,3/11/19,19:28,5,grid41_6_1.jpeg,img2,Img2,grid41_6_2.jpeg,grid37_6_2.jpeg,29:47:850,29:47:851
pohjxgd,3/11/19,19:10,39,grid20_6_2.jpeg,img2,Img1,grid20_6_4.jpeg,grid4_6_4.jpeg,13:40:014,13:40:014
pohjxgd,3/11/19,19:10,40,grid7_6_1.jpeg,img1,Img1,grid7_6_3.jpeg,grid3_6_3.jpeg,13:46:046,13:46:046
mfefetic,3/11/19,19:28,6,grid18_6_2.jpeg,img2,Img2,grid18_6_5.jpeg,grid16_6_5.jpeg,29:53:610,29:53:611
mfefetic,3/11/19,19:28,7,grid34_6_2.jpeg,img1,Img1,grid34_6_6.jpeg,grid2_6_6.jpeg,30:00:422,30:00:423
mfefetic,3/11/19,19:28,8,grid8_6_6.jpeg,img2,Img2,grid8_6_1.jpeg,grid31_6_1.jpeg,30:11:646,30:11:647
mfefetic,3/11/19,19:28,9,grid28_6_5.jpeg,img1,Img2,grid28_6_6.jpeg,grid9_6_6.jpeg,30:16:734,30:16:734
mfefetic,3/11/19,19:28,10,grid40_6_1.jpeg,img1,Img2,grid28_6_6.jpeg,grid9_6_6.jpeg,30:22:758,30:22:759
mfefetic,3/11/19,19:28,11,grid24_6_6.jpeg,img1,Img2,grid24_6_3.jpeg,grid8_6_3.jpeg,30:29:400,30:29:401
mfefetic,3/11/19,19:28,12,grid40_6_6.jpeg,img1,Img1,grid40_6_3.jpeg,grid9_6_3.jpeg,30:35:398,30:35:399
mfefetic,3/11/19,19:28,13,grid12_6_4.jpeg,img2,Img2,grid12_6_5.jpeg,grid37_6_5.jpeg,30:41:450,30:41:451
mfefetic,3/11/19,19:28,14,grid31_6_3.jpeg,img2,Img2,grid31_6_4.jpeg,grid37_6_4.jpeg,30:47:964,30:47:965
mfefetic,3/11/19,19:28,15,grid38_6_2.jpeg,img1,Img2,grid38_6_6.jpeg,grid34_6_6.jpeg,30:53:756,30:53:757
mfefetic,3/11/19,19:28,16,grid38_6_4.jpeg,img1,Img1,grid38_6_3.jpeg,grid17_6_3.jpeg,30:59:034,30:59:035
mfefetic,3/11/19,19:28,17,grid21_6_6.jpeg,img2,Img1,grid21_6_2.jpeg,grid28_6_2.jpeg,31:05:446,31:05:447
mfefetic,3/11/19,19:28,18,grid14_6_1.jpeg,img2,Img2,grid14_6_3.jpeg,grid27_6_3.jpeg,31:13:560,31:13:561
mfefetic,3/11/19,19:28,19,grid40_6_5.jpeg,img1,Img1,grid40_6_1.jpeg,grid30_6_1.jpeg,31:19:462,31:19:463
mfefetic,3/11/19,19:28,20,grid21_6_1.jpeg,img1,Img1,grid40_6_1.jpeg,grid30_6_1.jpeg,31:26:650,31:26:651
mfefetic,3/11/19,19:28,21,grid41_6_4.jpeg,img1,Img2,grid41_6_5.jpeg,grid18_6_5.jpeg,31:32:292,31:32:293
mfefetic,3/11/19,19:28,22,grid17_6_4.jpeg,img2,Img2,grid17_6_5.jpeg,grid39_6_5.jpeg,31:39:388,31:39:389
mfefetic,3/11/19,19:28,23,grid33_6_6.jpeg,img2,Img2,grid33_6_1.jpeg,grid16_6_1.jpeg,31:46:396,31:46:397
mfefetic,3/11/19,19:28,24,grid26_6_4.jpeg,img1,Img2,grid26_6_2.jpeg,grid12_6_2.jpeg,31:53:288,31:53:288
mfefetic,3/11/19,19:28,25,grid36_6_2.jpeg,img2,Img1,grid36_6_3.jpeg,grid37_6_3.jpeg,31:59:850,31:59:851
mfefetic,3/11/19,19:28,26,grid40_6_3.jpeg,img2,Img1,grid40_6_4.jpeg,grid6_6_4.jpeg,32:08:128,32:08:129
mfefetic,3/11/19,19:28,27,grid33_6_4.jpeg,img2,Img2,grid33_6_5.jpeg,grid24_6_5.jpeg,32:13:982,32:13:983
mfefetic,3/11/19,19:28,28,grid10_6_3.jpeg,img2,Img2,grid10_6_4.jpeg,grid24_6_4.jpeg,32:23:438,32:23:439
mfefetic,3/11/19,19:28,29,grid3_6_4.jpeg,img1,Img2,grid3_6_3.jpeg,grid4_6_3.jpeg,32:30:492,32:30:493
mfefetic,3/11/19,19:28,30,grid38_6_6.jpeg,img1,Img2,grid3_6_3.jpeg,grid4_6_3.jpeg,32:37:052,32:37:053
mfefetic,3/11/19,19:28,31,grid5_6_2.jpeg,img1,Img1,grid5_6_3.jpeg,grid17_6_3.jpeg,32:42:824,32:42:825
mfefetic,3/11/19,19:28,32,grid3_6_3.jpeg,img2,Img1,grid3_6_2.jpeg,grid35_6_2.jpeg,32:49:122,32:49:123
mfefetic,3/11/19,19:28,33,grid40_6_2.jpeg,img1,Img2,grid40_6_3.jpeg,grid35_6_3.jpeg,32:55:002,32:55:003
mfefetic,3/11/19,19:28,34,grid12_6_6.jpeg,img1,Img2,grid12_6_3.jpeg,grid13_6_3.jpeg,33:03:164,33:03:165
mfefetic,3/11/19,19:28,35,grid6_6_3.jpeg,img1,Img2,grid12_6_3.jpeg,grid13_6_3.jpeg,33:10:710,33:10:711
mfefetic,3/11/19,19:28,36,grid39_6_6.jpeg,img2,Img2,grid39_6_4.jpeg,grid14_6_4.jpeg,33:16:200,33:16:201
mfefetic,3/11/19,19:28,37,grid26_6_3.jpeg,img1,Img1,grid26_6_4.jpeg,grid10_6_4.jpeg,33:22:366,33:22:367
mfefetic,3/11/19,19:28,38,grid5_6_3.jpeg,img2,Img2,grid5_6_4.jpeg,grid13_6_4.jpeg,33:33:468,33:33:469
mfefetic,3/11/19,19:28,39,grid19_6_1.jpeg,img2,Img2,grid19_6_2.jpeg,grid28_6_2.jpeg,33:40:940,33:40:941
mfefetic,3/11/19,19:28,40,grid22_6_4.jpeg,img2,Img2,grid22_6_3.jpeg,grid14_6_3.jpeg,33:47:632,33:47:633
nbcgl,3/11/19,19:22,1,grid18_6_5.jpeg,img1,Img2,grid18_6_6.jpeg,grid40_6_6.jpeg,23:07:091,0
nbcgl,3/11/19,19:22,2,grid3_6_3.jpeg,img1,Img1,grid3_6_1.jpeg,grid10_6_1.jpeg,23:19:035,23:19:036
nbcgl,3/11/19,19:22,3,grid6_6_3.jpeg,img2,Img1,grid6_6_5.jpeg,grid26_6_5.jpeg,0.980798611,0.980810185
nbcgl,3/11/19,19:22,4,grid35_6_6.jpeg,img1,Img1,grid35_6_1.jpeg,grid13_6_1.jpeg,0.988530093,0.988541667
nbcgl,3/11/19,19:22,5,grid11_6_6.jpeg,img2,Img2,grid11_6_3.jpeg,grid21_6_3.jpeg,0.990069444,0.990081019
nbcgl,3/11/19,19:22,6,grid38_6_4.jpeg,img2,Img1,grid38_6_5.jpeg,grid39_6_5.jpeg,0.992175926,0.992175926
nbcgl,3/11/19,19:22,7,grid10_6_4.jpeg,img2,Img2,grid10_6_5.jpeg,grid37_6_5.jpeg,0.99931713,0.999328704
nbcgl,3/11/19,19:22,8,grid31_6_3.jpeg,img2,Img1,grid31_6_4.jpeg,grid30_6_4.jpeg,1.005196759,1.005196759
nbcgl,3/11/19,19:22,9,grid33_6_6.jpeg,img2,Img2,grid33_6_3.jpeg,grid30_6_3.jpeg,24:02:966,24:02:966
nbcgl,3/11/19,19:22,10,grid28_6_2.jpeg,img1,Img2,grid33_6_3.jpeg,grid30_6_3.jpeg,24:09:623,24:09:623
nbcgl,3/11/19,19:22,11,grid15_6_3.jpeg,img2,Img2,grid15_6_1.jpeg,grid3_6_1.jpeg,24:15:544,24:15:544
nbcgl,3/11/19,19:22,12,grid20_6_5.jpeg,img2,Img1,grid20_6_6.jpeg,grid3_6_6.jpeg,24:20:696,24:20:696
nbcgl,3/11/19,19:22,13,grid34_6_1.jpeg,img2,Img2,grid34_6_2.jpeg,grid35_6_2.jpeg,24:29:692,24:29:692
nbcgl,3/11/19,19:22,14,grid20_6_3.jpeg,img2,Img1,grid20_6_2.jpeg,grid26_6_2.jpeg,24:34:760,24:34:761
nbcgl,3/11/19,19:22,15,grid5_6_4.jpeg,img1,Img1,grid5_6_5.jpeg,grid26_6_5.jpeg,24:40:325,24:40:325
nbcgl,3/11/19,19:22,16,grid28_6_5.jpeg,img2,Img1,grid28_6_1.jpeg,grid22_6_1.jpeg,24:46:834,24:46:835
nbcgl,3/11/19,19:22,17,grid13_6_5.jpeg,img2,Img2,grid13_6_2.jpeg,grid2_6_2.jpeg,24:52:805,24:52:806
nbcgl,3/11/19,19:22,18,grid8_6_1.jpeg,img2,Img1,grid8_6_5.jpeg,grid6_6_5.jpeg,24:59:151,24:59:151
nbcgl,3/11/19,19:22,19,grid13_6_4.jpeg,img1,Img2,grid13_6_5.jpeg,grid19_6_5.jpeg,25:06:310,25:06:311
nbcgl,3/11/19,19:22,20,grid31_6_4.jpeg,img1,Img2,grid13_6_5.jpeg,grid19_6_5.jpeg,25:12:616,25:12:616
nbcgl,3/11/19,19:22,21,grid41_6_2.jpeg,img1,Img1,grid41_6_3.jpeg,grid37_6_3.jpeg,25:17:405,25:17:406
nbcgl,3/11/19,19:22,22,grid29_6_6.jpeg,img2,Img1,grid29_6_1.jpeg,grid41_6_1.jpeg,25:24:054,25:24:055
nbcgl,3/11/19,19:22,23,grid14_6_2.jpeg,img1,Img1,grid14_6_3.jpeg,grid9_6_3.jpeg,25:31:455,25:31:456
nbcgl,3/11/19,19:22,24,grid14_6_4.jpeg,img1,Img2,grid14_6_2.jpeg,grid15_6_2.jpeg,25:37:348,25:37:349
nbcgl,3/11/19,19:22,25,grid40_6_2.jpeg,img2,Img1,grid40_6_3.jpeg,grid8_6_3.jpeg,25:43:127,25:43:127
nbcgl,3/11/19,19:22,26,grid32_6_6.jpeg,img2,Img2,grid32_6_4.jpeg,grid8_6_4.jpeg,25:47:698,25:47:699
nbcgl,3/11/19,19:22,27,grid41_6_5.jpeg,img1,Img1,grid41_6_2.jpeg,grid38_6_2.jpeg,25:52:987,25:52:987
nbcgl,3/11/19,19:22,28,grid6_6_1.jpeg,img2,Img2,grid6_6_2.jpeg,grid2_6_2.jpeg,25:58:632,25:58:632
nbcgl,3/11/19,19:22,29,grid19_6_5.jpeg,img2,Img1,grid19_6_4.jpeg,grid21_6_4.jpeg,26:03:838,26:03:839
nbcgl,3/11/19,19:22,30,grid39_6_4.jpeg,img1,Img1,grid19_6_4.jpeg,grid21_6_4.jpeg,26:09:438,26:09:439
nbcgl,3/11/19,19:22,31,grid15_6_5.jpeg,img2,Img2,grid15_6_6.jpeg,grid19_6_6.jpeg,26:14:529,26:14:529
nbcgl,3/11/19,19:22,32,grid11_6_2.jpeg,img2,Img2,grid11_6_1.jpeg,grid23_6_1.jpeg,26:21:291,26:21:291
nbcgl,3/11/19,19:22,33,grid5_6_6.jpeg,img2,Img1,grid5_6_2.jpeg,grid25_6_2.jpeg,26:25:963,26:25:964
nbcgl,3/11/19,19:22,34,grid32_6_4.jpeg,img2,Img1,grid32_6_2.jpeg,grid20_6_2.jpeg,26:37:498,26:37:499
nbcgl,3/11/19,19:22,35,grid33_6_1.jpeg,img1,Img1,grid32_6_2.jpeg,grid20_6_2.jpeg,26:44:936,26:44:937
nbcgl,3/11/19,19:22,36,grid26_6_5.jpeg,img2,Img2,grid26_6_6.jpeg,grid28_6_6.jpeg,26:49:406,26:49:407
nbcgl,3/11/19,19:22,37,grid7_6_3.jpeg,img2,Img1,grid7_6_6.jpeg,grid8_6_6.jpeg,26:55:734,26:55:735
nbcgl,3/11/19,19:22,38,grid18_6_1.jpeg,img1,Img2,grid18_6_6.jpeg,grid41_6_6.jpeg,27:03:208,27:03:209
nbcgl,3/11/19,19:22,39,grid15_6_1.jpeg,img2,Img1,grid15_6_2.jpeg,grid4_6_2.jpeg,27:08:914,27:08:915
nbcgl,3/11/19,19:22,40,grid33_6_5.jpeg,img1,Img2,grid33_6_2.jpeg,grid37_6_2.jpeg,27:16:845,27:16:845
buzfvl,3/11/19,18:32,1,grid29_6_6.jpeg,img2,Img1,grid29_6_4.jpeg,grid2_6_4.jpeg,34:34:715,0
buzfvl,3/11/19,18:32,2,grid26_6_3.jpeg,img1,Img1,grid26_6_2.jpeg,grid24_6_2.jpeg,34:48:218,34:48:219
buzfvl,3/11/19,18:32,3,grid8_6_2.jpeg,img2,Img2,grid8_6_4.jpeg,grid12_6_4.jpeg,35:07:017,35:07:018
buzfvl,3/11/19,18:32,4,grid22_6_3.jpeg,img2,Img2,grid22_6_1.jpeg,grid27_6_1.jpeg,35:24:374,35:24:375
buzfvl,3/11/19,18:32,5,grid27_6_3.jpeg,img1,Img2,grid27_6_1.jpeg,grid2_6_1.jpeg,35:31:519,35:31:520
buzfvl,3/11/19,18:32,6,grid33_6_2.jpeg,img2,Img2,grid33_6_3.jpeg,grid34_6_3.jpeg,35:39:797,35:39:798
buzfvl,3/11/19,18:32,7,grid10_6_3.jpeg,img2,Img2,grid10_6_4.jpeg,grid40_6_4.jpeg,35:58:732,35:58:733
buzfvl,3/11/19,18:32,8,grid24_6_2.jpeg,img2,Img1,grid24_6_6.jpeg,grid4_6_6.jpeg,36:14:405,36:14:406
buzfvl,3/11/19,18:32,9,grid29_6_5.jpeg,img1,Img2,grid29_6_3.jpeg,grid24_6_3.jpeg,36:20:622,36:20:623
buzfvl,3/11/19,18:32,10,grid6_6_3.jpeg,img1,Img2,grid29_6_3.jpeg,grid24_6_3.jpeg,36:28:412,36:28:414
buzfvl,3/11/19,18:32,11,grid35_6_6.jpeg,img2,Img2,grid35_6_5.jpeg,grid13_6_5.jpeg,36:38:911,36:38:912
buzfvl,3/11/19,18:32,12,grid26_6_5.jpeg,img2,Img1,grid26_6_3.jpeg,grid13_6_3.jpeg,36:49:288,36:49:289
buzfvl,3/11/19,18:32,13,grid30_6_2.jpeg,img2,Img2,grid30_6_3.jpeg,grid11_6_3.jpeg,36:58:609,36:58:610
buzfvl,3/11/19,18:32,14,grid5_6_2.jpeg,img2,Img2,grid5_6_4.jpeg,grid16_6_4.jpeg,37:12:835,37:12:836
buzfvl,3/11/19,18:32,15,grid11_6_6.jpeg,img1,Img2,grid11_6_5.jpeg,grid13_6_5.jpeg,37:59:774,37:59:774
buzfvl,3/11/19,18:32,16,grid27_6_1.jpeg,img1,Img2,grid27_6_2.jpeg,grid12_6_2.jpeg,38:14:186,38:14:187
buzfvl,3/11/19,18:32,17,grid12_6_3.jpeg,img1,Img1,grid12_6_4.jpeg,grid32_6_4.jpeg,38:32:003,38:32:003
buzfvl,3/11/19,18:32,18,grid17_6_5.jpeg,img2,Img1,grid17_6_6.jpeg,grid31_6_6.jpeg,38:41:965,38:41:965
buzfvl,3/11/19,18:32,19,grid30_6_3.jpeg,img1,Img1,grid30_6_1.jpeg,grid25_6_1.jpeg,39:03:628,39:03:629
buzfvl,3/11/19,18:32,20,grid18_6_5.jpeg,img1,Img1,grid30_6_1.jpeg,grid25_6_1.jpeg,39:28:063,39:28:063
buzfvl,3/11/19,18:32,21,grid41_6_6.jpeg,img1,Img2,grid41_6_4.jpeg,grid31_6_4.jpeg,39:35:849,39:35:850
buzfvl,3/11/19,18:32,22,grid33_6_6.jpeg,img1,Img1,grid33_6_1.jpeg,grid13_6_1.jpeg,39:53:228,39:53:228
buzfvl,3/11/19,18:32,23,grid3_6_1.jpeg,img2,Img1,grid3_6_3.jpeg,grid40_6_3.jpeg,40:22:840,40:22:841
buzfvl,3/11/19,18:32,24,grid10_6_5.jpeg,img1,Img2,grid10_6_3.jpeg,grid35_6_3.jpeg,40:43:379,40:43:380
buzfvl,3/11/19,18:32,25,grid24_6_1.jpeg,img2,Img1,grid24_6_4.jpeg,grid15_6_4.jpeg,41:14:046,41:14:046
buzfvl,3/11/19,18:32,26,grid23_6_3.jpeg,img1,Img1,grid23_6_4.jpeg,grid30_6_4.jpeg,41:32:765,41:32:766
buzfvl,3/11/19,18:32,27,grid19_6_4.jpeg,img2,Img1,grid19_6_6.jpeg,grid12_6_6.jpeg,41:46:071,41:46:071
buzfvl,3/11/19,18:32,28,grid17_6_2.jpeg,img2,Img2,grid17_6_4.jpeg,grid38_6_4.jpeg,42:05:097,42:05:098
buzfvl,3/11/19,18:32,29,grid13_6_5.jpeg,img2,Img1,grid13_6_6.jpeg,grid17_6_6.jpeg,42:27:469,42:27:470
buzfvl,3/11/19,18:32,30,grid34_6_2.jpeg,img1,Img1,grid13_6_6.jpeg,grid17_6_6.jpeg,42:34:293,42:34:294
buzfvl,3/11/19,18:32,31,grid7_6_2.jpeg,img1,Img2,grid7_6_6.jpeg,grid17_6_6.jpeg,42:42:134,42:42:136
buzfvl,3/11/19,18:32,32,grid14_6_3.jpeg,img2,Img2,grid14_6_1.jpeg,grid13_6_1.jpeg,43:12:595,43:12:596
buzfvl,3/11/19,18:32,33,grid15_6_6.jpeg,img1,Img1,grid15_6_1.jpeg,grid10_6_1.jpeg,43:19:084,43:19:085
buzfvl,3/11/19,18:32,34,grid10_6_2.jpeg,img1,Img1,grid10_6_3.jpeg,grid37_6_3.jpeg,43:31:661,43:31:662
buzfvl,3/11/19,18:32,35,grid38_6_2.jpeg,img1,Img1,grid10_6_3.jpeg,grid37_6_3.jpeg,43:53:287,43:53:288
buzfvl,3/11/19,18:32,36,grid16_6_5.jpeg,img1,Img1,grid16_6_6.jpeg,grid23_6_6.jpeg,43:59:344,43:59:345
buzfvl,3/11/19,18:32,37,grid14_6_4.jpeg,img1,Img2,grid14_6_5.jpeg,grid15_6_5.jpeg,44:09:169,44:09:171
buzfvl,3/11/19,18:32,38,grid31_6_4.jpeg,img1,Img1,grid31_6_6.jpeg,grid30_6_6.jpeg,44:29:003,44:29:004
buzfvl,3/11/19,18:32,39,grid5_6_3.jpeg,img2,Img2,grid5_6_6.jpeg,grid4_6_6.jpeg,44:46:053,44:46:054
buzfvl,3/11/19,18:32,40,grid20_6_2.jpeg,img1,Img1,grid20_6_5.jpeg,grid11_6_5.jpeg,45:05:382,45:05:383